,Unnamed: 0,RecordID,Season,Team,Conference,Overall Seed,Bid Type,NET Rank,PrevNET,AvgOppNETRank,AvgOppNET,WL,Conf.Record,Non-ConferenceRecord,RoadWL,NETSOS,NETNonConfSOS,Quadrant1,Quadrant2,Quadrant3,Quadrant4,Wins,Losses,WinsPct,ConfWins,ConfLosses,ConfWinsPct,NonConfWins,NonConfLosses,NonConfWinsPct,RoadWins,RoadLosses,RoadWinsPct,Q1Wins,Q1Losses,Q1WinsPct,Q2Wins,Q2Losses,Q2WinsPct,Q3Wins,Q3Losses,Q3WinsPct,Q4Wins,Q4Losses,Q4WinsPct,WAB,BARTHAG,ADJOE,ADJDE,EFG_D,ORB
0,1,2020-21-MichiganSt.,2020-21,Michigan St.,Big Ten,43.0,AL,70.0,70.0,20.0,75.0,15-12,12-9,6-00,8-3,9.0,238.0,10-5,2-4,2-00,4-00,15.0,12.0,0.5555555555555560,12.0,9.0,0.5714285714285710,6.0,0.0,1.0,8.0,3.0,0.7272727272727270,10.0,5.0,0.6666666666666670,2.0,4.0,0.3333333333333330,2.0,0.0,1.0,4.0,0.0,1.0,1.4,0.8054,105.8,93.5,47.8,30.4
1,4,2020-21-Colgate,2020-21,Colgate,Patriot,57.0,AQ,9.0,9.0,154.0,169.0,14-1,14-1,0-0,6-00,257.0,,0-0,2-00,1-6,6-00,14.0,1.0,0.9333333333333330,14.0,1.0,0.9333333333333330,0.0,0.0,0.0,6.0,0.0,1.0,0.0,0.0,0.0,2.0,0.0,1.0,1.0,6.0,0.1428571428571430,6.0,0.0,1.0,0.3,0.7641,110.8,100.0,45.7,27.9
2,6,2020-21-Virginia,2020-21,Virginia,ACC,16.0,AL,12.0,12.0,57.0,100.0,18-6,14-4,2-4,3-6,49.0,147.0,4-5,1-4,1-5,4-00,18.0,6.0,0.75,14.0,4.0,0.7777777777777780,2.0,4.0,0.3333333333333330,3.0,6.0,0.3333333333333330,4.0,5.0,0.4444444444444440,1.0,4.0,0.2,1.0,5.0,0.1666666666666670,4.0,0.0,1.0,3.4,0.9079,114.6,93.9,47.9,23.1
3,7,2020-21-EasternWash.,2020-21,Eastern Wash.,Big Sky,58.0,AQ,114.0,113.0,252.0,216.0,15-7,15-3,0-4,5-6,217.0,12.0,0-3,0-1,1-4,2-11,15.0,7.0,0.6818181818181820,15.0,3.0,0.8333333333333330,0.0,4.0,0.0,5.0,6.0,0.4545454545454550,0.0,3.0,0.0,0.0,1.0,0.0,1.0,4.0,0.2,2.0,11.0,0.1538461538461540,-3.6,0.6729,107.7,101.1,47.5,23.9
4,23,2020-21-GeorgiaTech,2020-21,Georgia Tech,ACC,34.0,AQ,34.0,33.0,49.0,95.0,17-8,13-6,2-4,5-4,48.0,236.0,6-3,6-00,2-5,3-00,17.0,8.0,0.68,13.0,6.0,0.6842105263157900,2.0,4.0,0.3333333333333330,5.0,4.0,0.5555555555555560,6.0,3.0,0.6666666666666670,6.0,0.0,1.0,2.0,5.0,0.2857142857142860,3.0,0.0,1.0,1.9,0.882,113.0,94.8,52.2,24.8
5,28,2020-21-UConn,2020-21,UConn,Big East,26.0,AL,30.0,30.0,46.0,93.0,15-7,7-12,3-00,3-6,60.0,128.0,4-4,3-3,5-00,3-00,15.0,7.0,0.6818181818181820,7.0,12.0,0.3684210526315790,3.0,0.0,1.0,3.0,6.0,0.3333333333333330,4.0,4.0,0.5,3.0,3.0,0.5,5.0,0.0,1.0,3.0,0.0,1.0,2.1,0.9188,114.6,92.8,46.2,36.9
6,31,2020-21-WestVirginia,2020-21,West Virginia,Big 12,10.0,AL,24.0,23.0,15.0,73.0,18-9,7-11,2-7,2-7,18.0,31.0,7-7,2-3,6-00,2-00,18.0,9.0,0.6666666666666670,7.0,11.0,0.3888888888888890,2.0,7.0,0.2222222222222220,2.0,7.0,0.2222222222222220,7.0,7.0,0.5,2.0,3.0,0.4,6.0,0.0,1.0,2.0,0.0,1.0,3.0,0.9046,115.9,95.3,50.2,35.6
7,35,2020-21-Rutgers,2020-21,Rutgers,Big Ten,40.0,AL,38.0,38.0,5.0,65.0,15-11,11-11,4-00,6-4,10.0,256.0,9-4,2-6,3-00,2-00,15.0,11.0,0.5769230769230770,11.0,11.0,0.5,4.0,0.0,1.0,6.0,4.0,0.6,9.0,4.0,0.6923076923076920,2.0,6.0,0.25,3.0,0.0,1.0,2.0,0.0,1.0,1.9,0.847,106.7,91.9,47.7,27.4
8,36,2020-21-BYU,2020-21,BYU,WCC,23.0,AL,20.0,20.0,75.0,112.0,19-6,4-11,2-8,2-7,53.0,65.0,4-3,2-5,6-00,5-00,19.0,6.0,0.76,4.0,11.0,0.2666666666666670,2.0,8.0,0.2,2.0,7.0,0.2222222222222220,4.0,3.0,0.5714285714285710,2.0,5.0,0.2857142857142860,6.0,0.0,1.0,5.0,0.0,1.0,3.3,0.8991,112.8,93.3,46.6,28.6
9,41,2020-21-NorthCarolina,2020-21,North Carolina,ACC,31.0,AL,32.0,32.0,26.0,84.0,18-10,7-12,3-6,7-3,31.0,86.0,9-3,8-00,1-4,3-00,18.0,10.0,0.6428571428571430,7.0,12.0,0.3684210526315790,3.0,6.0,0.3333333333333330,7.0,3.0,0.7,9.0,3.0,0.75,8.0,0.0,1.0,1.0,4.0,0.2,3.0,0.0,1.0,2.3,0.8777,108.8,91.6,48.7,41.2
10,46,2020-21-MoreheadSt.,2020-21,Morehead St.,OVC,56.0,AQ,121.0,122.0,235.0,208.0,21-7,20-3,4-1,5-8,191.0,17.0,0-3,2-1,1-6,14-1,21.0,7.0,0.75,20.0,3.0,0.8695652173913040,4.0,1.0,0.8,5.0,8.0,0.3846153846153850,0.0,3.0,0.0,2.0,1.0,0.6666666666666670,1.0,6.0,0.1428571428571430,14.0,1.0,0.9333333333333330,-2.0,0.5778,99.3,96.7,47.0,31.3
11,47,2020-21-OhioSt.,2020-21,Ohio St.,Big Ten,6.0,AL,8.0,8.0,3.0,62.0,21-9,15-9,6-00,4-7,5.0,203.0,7-9,2-6,4-00,2-00,21.0,9.0,0.7,15.0,9.0,0.625,6.0,0.0,1.0,4.0,7.0,0.3636363636363640,7.0,9.0,0.4375,2.0,6.0,0.25,4.0,0.0,1.0,2.0,0.0,1.0,6.0,0.934,122.1,97.0,48.9,29.1
12,48,2020-21-OregonSt.,2020-21,Oregon St.,Pac-12,46.0,AQ,91.0,91.0,55.0,98.0,16-12,13-10,2-3,6-4,63.0,312.0,5-5,4-2,1-4,2-5,16.0,12.0,0.5714285714285710,13.0,10.0,0.5652173913043480,2.0,3.0,0.4,6.0,4.0,0.6,5.0,5.0,0.5,4.0,2.0,0.6666666666666670,1.0,4.0,0.2,2.0,5.0,0.2857142857142860,-1.6,0.7289,108.5,99.6,50.4,29.8
13,56,2020-21-Michigan,2020-21,Michigan,Big Ten,4.0,AL,4.0,4.0,8.0,66.0,20-4,15-4,5-00,2-6,19.0,261.0,3-8,1-6,4-00,2-00,20.0,4.0,0.8333333333333330,15.0,4.0,0.7894736842105260,5.0,0.0,1.0,2.0,6.0,0.25,3.0,8.0,0.2727272727272730,1.0,6.0,0.1428571428571430,4.0,0.0,1.0,2.0,0.0,1.0,7.2,0.9521,118.1,91.1,44.9,29.4
14,60,2020-21-Hartford,2020-21,Hartford,America East,64.0,AQ,162.0,161.0,285.0,222.0,15-8,6-12,2-3,6-5,231.0,94.0,0-2,1-00,5-3,1-11,15.0,8.0,0.6521739130434780,6.0,12.0,0.3333333333333330,2.0,3.0,0.4,6.0,5.0,0.5454545454545450,0.0,2.0,0.0,1.0,0.0,1.0,5.0,3.0,0.625,1.0,11.0,0.0833333333333333,-4.9,0.4345,97.3,99.6,47.6,24.8
15,61,2020-21-Georgetown,2020-21,Georgetown,Big East,47.0,AQ,64.0,64.0,14.0,72.0,13-12,9-11,3-2,6-2,29.0,92.0,9-3,1-5,2-4,1-00,13.0,12.0,0.52,9.0,11.0,0.45,3.0,2.0,0.6,6.0,2.0,0.75,9.0,3.0,0.75,1.0,5.0,0.1666666666666670,2.0,4.0,0.3333333333333330,1.0,0.0,1.0,-1.0,0.8516,108.5,93.2,48.0,32.4
16,78,2020-21-Creighton,2020-21,Creighton,Big East,17.0,AL,26.0,25.0,52.0,97.0,20-8,16-7,1-4,4-7,68.0,186.0,3-7,3-5,2-4,4-00,20.0,8.0,0.7142857142857140,16.0,7.0,0.6956521739130440,1.0,4.0,0.2,4.0,7.0,0.3636363636363640,3.0,7.0,0.3,3.0,5.0,0.375,2.0,4.0,0.3333333333333330,4.0,0.0,1.0,3.5,0.9025,114.4,94.3,46.9,24.8
17,79,2020-21-NorfolkSt.,2020-21,Norfolk St.,MEAC,67.0,AQ,170.0,169.0,308.0,233.0,14-7,4-10,3-4,3-6,318.0,235.0,0-0,1-1,1-4,5-9,14.0,7.0,0.6666666666666670,4.0,10.0,0.2857142857142860,3.0,4.0,0.4285714285714290,3.0,6.0,0.3333333333333330,0.0,0.0,0.0,1.0,1.0,0.5,1.0,4.0,0.2,5.0,9.0,0.3571428571428570,-5.0,0.3698,99.4,104.1,47.4,28.8
18,81,2020-21-Houston,2020-21,Houston,The American,8.0,AQ,5.0,5.0,101.0,133.0,23-3,17-3,6-00,3-5,133.0,157.0,1-2,1-6,1-10,5-00,23.0,3.0,0.8846153846153850,17.0,3.0,0.85,6.0,0.0,1.0,3.0,5.0,0.375,1.0,2.0,0.3333333333333330,1.0,6.0,0.1428571428571430,1.0,10.0,0.0909090909090909,5.0,0.0,1.0,4.0,0.9626,120.6,90.9,42.9,39.4
19,90,2020-21-OralRoberts,2020-21,Oral Roberts,Summit League,61.0,AQ,158.0,159.0,216.0,201.0,13-10,13-5,0-5,7-5,159.0,3.0,0-5,0-0,3-4,2-9,13.0,10.0,0.5652173913043480,13.0,5.0,0.7222222222222220,0.0,5.0,0.0,7.0,5.0,0.5833333333333330,0.0,5.0,0.0,0.0,0.0,0.0,3.0,4.0,0.4285714285714290,2.0,9.0,0.1818181818181820,-5.1,0.4981,107.0,107.1,50.4,23.2
20,96,2020-21-Villanova,2020-21,Villanova,Big East,18.0,AL,17.0,16.0,30.0,86.0,16-6,5-11,1-5,4-4,61.0,107.0,3-5,3-4,6-00,1-00,16.0,6.0,0.7272727272727270,5.0,11.0,0.3125,1.0,5.0,0.1666666666666670,4.0,4.0,0.5,3.0,5.0,0.375,3.0,4.0,0.4285714285714290,6.0,0.0,1.0,1.0,0.0,1.0,3.2,0.9076,117.9,96.7,51.8,27.9
21,98,2020-21-Oregon,2020-21,Oregon,Pac-12,25.0,AL,33.0,34.0,69.0,107.0,20-6,15-5,1-5,2-7,82.0,185.0,3-2,1-7,2-7,4-00,20.0,6.0,0.7692307692307690,15.0,5.0,0.75,1.0,5.0,0.1666666666666670,2.0,7.0,0.2222222222222220,3.0,2.0,0.6,1.0,7.0,0.125,2.0,7.0,0.2222222222222220,4.0,0.0,1.0,3.0,0.835,113.1,98.2,50.1,28.3
22,112,2020-21-Colorado,2020-21,Colorado,Pac-12,20.0,AL,15.0,15.0,67.0,106.0,22-8,16-7,1-6,6-6,78.0,200.0,4-3,1-7,3-9,3-00,22.0,8.0,0.7333333333333330,16.0,7.0,0.6956521739130440,1.0,6.0,0.1428571428571430,6.0,6.0,0.5,4.0,3.0,0.5714285714285710,1.0,7.0,0.125,3.0,9.0,0.25,3.0,0.0,1.0,2.6,0.9045,113.7,93.5,47.7,30.9
23,116,2020-21-Tennessee,2020-21,Tennessee,SEC,19.0,AL,13.0,13.0,42.0,91.0,18-8,8-11,7-00,4-4,42.0,183.0,6-6,2-2,6-00,4-00,18.0,8.0,0.6923076923076920,8.0,11.0,0.4210526315789470,7.0,0.0,1.0,4.0,4.0,0.5,6.0,6.0,0.5,2.0,2.0,0.5,6.0,0.0,1.0,4.0,0.0,1.0,2.4,0.9072,108.8,89.2,45.9,31.4
24,121,2020-21-Oklahoma,2020-21,Oklahoma,Big 12,32.0,AL,36.0,37.0,62.0,103.0,15-10,9-10,1-5,6-4,26.0,159.0,9-5,0-0,1-4,6-00,15.0,10.0,0.6,9.0,10.0,0.4736842105263160,1.0,5.0,0.1666666666666670,6.0,4.0,0.6,9.0,5.0,0.6428571428571430,0.0,0.0,0.0,1.0,4.0,0.2,6.0,0.0,1.0,0.3,0.8642,111.0,94.5,48.9,27.3
25,122,2020-21-St.Bonaventure,2020-21,St. Bonaventure,Atlantic 10,37.0,AQ,23.0,27.0,85.0,118.0,16-4,14-4,2-00,3-4,99.0,239.0,2-4,1-3,1-5,4-00,16.0,4.0,0.8,14.0,4.0,0.7777777777777780,2.0,0.0,1.0,3.0,4.0,0.4285714285714290,2.0,4.0,0.3333333333333330,1.0,3.0,0.25,1.0,5.0,0.1666666666666670,4.0,0.0,1.0,2.1,0.8864,111.1,92.9,45.5,33.6
26,129,2020-21-ClevelandSt.,2020-21,Cleveland St.,Horizon,60.0,AQ,160.0,160.0,242.0,213.0,19-7,19-4,0-3,5-8,215.0,6.0,3-1,0-1,0-0,18-3,19.0,7.0,0.7307692307692310,19.0,4.0,0.8260869565217390,0.0,3.0,0.0,5.0,8.0,0.3846153846153850,3.0,1.0,0.75,0.0,1.0,0.0,0.0,0.0,0.0,18.0,3.0,0.8571428571428570,-2.7,0.4785,99.9,100.7,48.9,30.9
27,132,2020-21-Iowa,2020-21,Iowa,Big Ten,7.0,AL,6.0,6.0,35.0,88.0,21-8,15-7,1-6,4-6,15.0,165.0,6-8,2-5,3-00,5-00,21.0,8.0,0.7241379310344830,15.0,7.0,0.6818181818181820,1.0,6.0,0.1428571428571430,4.0,6.0,0.4,6.0,8.0,0.4285714285714290,2.0,5.0,0.2857142857142860,3.0,0.0,1.0,5.0,0.0,1.0,5.6,0.9491,123.5,95.7,48.3,30.7
28,135,2020-21-Texas,2020-21,Texas,Big 12,11.0,AQ,21.0,21.0,26.0,84.0,19-7,13-6,1-6,2-6,21.0,89.0,6-8,1-2,5-00,4-00,19.0,7.0,0.7307692307692310,13.0,6.0,0.6842105263157900,1.0,6.0,0.1428571428571430,2.0,6.0,0.25,6.0,8.0,0.4285714285714290,1.0,2.0,0.3333333333333330,5.0,0.0,1.0,4.0,0.0,1.0,4.2,0.9058,113.8,93.5,46.7,31.3
29,154,2020-21-SanDiegoSt.,2020-21,San Diego St.,Mountain West,24.0,AQ,18.0,18.0,97.0,131.0,22-4,17-3,1-5,2-6,116.0,78.0,3-1,1-7,8-00,6-00,22.0,4.0,0.8461538461538460,17.0,3.0,0.85,1.0,5.0,0.1666666666666670,2.0,6.0,0.25,3.0,1.0,0.75,1.0,7.0,0.125,8.0,0.0,1.0,6.0,0.0,1.0,2.8,0.9191,111.1,90.0,46.7,29.9
30,155,2020-21-VirginiaTech,2020-21,Virginia Tech,ACC,38.0,AL,48.0,48.0,78.0,113.0,15-6,5-9,1-6,3-3,88.0,202.0,3-2,3-3,5-00,5-00,15.0,6.0,0.7142857142857140,5.0,9.0,0.3571428571428570,1.0,6.0,0.1428571428571430,3.0,3.0,0.5,3.0,2.0,0.6,3.0,3.0,0.5,5.0,0.0,1.0,5.0,0.0,1.0,0.9,0.8426,109.3,94.5,48.4,28.4
31,158,2020-21-AppState,2020-21,App State,Sun Belt,68.0,AQ,210.0,210.0,219.0,202.0,13-11,8-11,3-2,7-4,236.0,98.0,0-2,0-1,2-7,6-6,13.0,11.0,0.5416666666666670,8.0,11.0,0.4210526315789470,3.0,2.0,0.6,7.0,4.0,0.6363636363636360,0.0,2.0,0.0,0.0,1.0,0.0,2.0,7.0,0.2222222222222220,6.0,6.0,0.5,-7.7,0.3512,99.0,104.4,50.4,27.8
32,175,2020-21-VCU,2020-21,VCU,Atlantic 10,39.0,AL,37.0,36.0,72.0,108.0,19-7,5-12,2-7,3-5,81.0,104.0,5-2,7-00,2-6,4-00,19.0,7.0,0.7307692307692310,5.0,12.0,0.2941176470588240,2.0,7.0,0.2222222222222220,3.0,5.0,0.375,5.0,2.0,0.7142857142857140,7.0,0.0,1.0,2.0,6.0,0.25,4.0,0.0,1.0,1.3,0.854,104.6,89.7,45.8,28.3
33,176,2020-21-Kansas,2020-21,Kansas,Big 12,12.0,AL,11.0,11.0,35.0,88.0,19-8,13-6,2-6,6-4,16.0,45.0,8-7,2-00,5-00,5-00,19.0,8.0,0.7037037037037040,13.0,6.0,0.6842105263157900,2.0,6.0,0.25,6.0,4.0,0.6,8.0,7.0,0.5333333333333330,2.0,0.0,1.0,5.0,0.0,1.0,5.0,0.0,1.0,4.2,0.8964,108.5,90.0,47.0,30.9
34,193,2020-21-Illinois,2020-21,Illinois,Big Ten,3.0,AQ,3.0,3.0,8.0,66.0,23-6,19-4,2-4,3-9,7.0,36.0,5-12,1-5,4-00,2-00,23.0,6.0,0.7931034482758620,19.0,4.0,0.8260869565217390,2.0,4.0,0.3333333333333330,3.0,9.0,0.25,5.0,12.0,0.2941176470588240,1.0,5.0,0.1666666666666670,4.0,0.0,1.0,2.0,0.0,1.0,8.9,0.9539,117.7,90.4,46.6,33.0
35,205,2020-21-LoyolaChicago,2020-21,Loyola Chicago,MVC,30.0,AQ,10.0,10.0,146.0,164.0,22-4,19-2,2-3,3-8,143.0,102.0,2-2,2-4,4-00,12-00,22.0,4.0,0.8461538461538460,19.0,2.0,0.9047619047619050,2.0,3.0,0.4,3.0,8.0,0.2727272727272730,2.0,2.0,0.5,2.0,4.0,0.3333333333333330,4.0,0.0,1.0,12.0,0.0,1.0,1.7,0.9136,108.5,88.3,46.7,26.0
36,214,2020-21-WichitaSt.,2020-21,Wichita St.,The American,45.0,AL,72.0,72.0,81.0,115.0,14-5,3-12,2-2,2-5,93.0,41.0,3-2,1-2,1-6,4-00,14.0,5.0,0.7368421052631580,3.0,12.0,0.2,2.0,2.0,0.5,2.0,5.0,0.2857142857142860,3.0,2.0,0.6,1.0,2.0,0.3333333333333330,1.0,6.0,0.1428571428571430,4.0,0.0,1.0,1.3,0.7823,109.6,98.1,47.1,29.8
37,216,2020-21-TexasSouthern,2020-21,Texas Southern,SWAC,66.0,AQ,208.0,208.0,324.0,240.0,15-8,13-3,5-2,6-5,199.0,26.0,0-4,0-1,1-1,14-2,15.0,8.0,0.6521739130434780,13.0,3.0,0.8125,5.0,2.0,0.7142857142857140,6.0,5.0,0.5454545454545450,0.0,4.0,0.0,0.0,1.0,0.0,1.0,1.0,0.5,14.0,2.0,0.875,-4.5,0.3307,97.3,103.5,46.5,32.9
38,222,2020-21-FloridaSt.,2020-21,Florida St.,ACC,13.0,AL,25.0,24.0,40.0,90.0,16-6,5-12,1-4,4-3,57.0,195.0,4-3,1-7,1-2,4-00,16.0,6.0,0.7272727272727270,5.0,12.0,0.2941176470588240,1.0,4.0,0.2,4.0,3.0,0.5714285714285710,4.0,3.0,0.5714285714285710,1.0,7.0,0.125,1.0,2.0,0.3333333333333330,4.0,0.0,1.0,2.5,0.9305,117.8,94.0,46.5,35.4
39,223,2020-21-Maryland,2020-21,Maryland,Big Ten,36.0,AL,35.0,35.0,5.0,65.0,15-13,12-10,1-5,6-4,12.0,207.0,10-4,3-3,6-00,2-00,15.0,13.0,0.5357142857142860,12.0,10.0,0.5454545454545450,1.0,5.0,0.1666666666666670,6.0,4.0,0.6,10.0,4.0,0.7142857142857140,3.0,3.0,0.5,6.0,0.0,1.0,2.0,0.0,1.0,0.2,0.8735,110.0,93.0,48.5,20.9
40,224,2020-21-LSU,2020-21,LSU,SEC,29.0,AL,28.0,28.0,33.0,87.0,18-9,13-7,2-5,6-4,28.0,161.0,8-5,1-3,6-00,4-00,18.0,9.0,0.6666666666666670,13.0,7.0,0.65,2.0,5.0,0.2857142857142860,6.0,4.0,0.6,8.0,5.0,0.6153846153846150,1.0,3.0,0.25,6.0,0.0,1.0,4.0,0.0,1.0,2.4,0.8868,119.3,99.8,48.5,31.5
41,231,2020-21-NorthTexas,2020-21,North Texas,CUSA,52.0,AQ,59.0,61.0,121.0,151.0,16-9,13-5,4-3,6-5,120.0,34.0,0-3,2-3,4-6,7-00,16.0,9.0,0.64,13.0,5.0,0.7222222222222220,4.0,3.0,0.5714285714285710,6.0,5.0,0.5454545454545450,0.0,3.0,0.0,2.0,3.0,0.4,4.0,6.0,0.4,7.0,0.0,1.0,-2.5,0.7578,104.4,94.6,45.7,27.9
42,238,2020-21-UtahSt.,2020-21,Utah St.,Mountain West,42.0,AL,39.0,39.0,126.0,153.0,19-8,17-5,3-2,3-6,114.0,111.0,5-2,1-2,2-7,8-00,19.0,8.0,0.7037037037037040,17.0,5.0,0.7727272727272730,3.0,2.0,0.6,3.0,6.0,0.3333333333333330,5.0,2.0,0.7142857142857140,1.0,2.0,0.3333333333333330,2.0,7.0,0.2222222222222220,8.0,0.0,1.0,-1.1,0.8569,105.2,90.0,45.6,35.3
43,243,2020-21-Clemson,2020-21,Clemson,ACC,27.0,AL,41.0,41.0,23.0,79.0,16-7,7-10,6-00,5-2,32.0,37.0,6-3,7-00,1-5,1-00,16.0,7.0,0.6956521739130440,7.0,10.0,0.4117647058823530,6.0,0.0,1.0,5.0,2.0,0.7142857142857140,6.0,3.0,0.6666666666666670,7.0,0.0,1.0,1.0,5.0,0.1666666666666670,1.0,0.0,1.0,2.9,0.8374,105.9,91.9,48.7,26.6
44,248,2020-21-Alabama,2020-21,Alabama,SEC,5.0,AQ,7.0,7.0,11.0,69.0,24-6,19-2,4-5,3-7,33.0,108.0,4-8,1-9,1-7,0-0,24.0,6.0,0.8,19.0,2.0,0.9047619047619050,4.0,5.0,0.4444444444444440,3.0,7.0,0.3,4.0,8.0,0.3333333333333330,1.0,9.0,0.1,1.0,7.0,0.125,0.0,0.0,0.0,6.8,0.9343,111.0,88.1,45.3,31.5
45,249,2020-21-Gonzaga,2020-21,Gonzaga,WCC,1.0,AQ,1.0,1.0,95.0,130.0,26-0,17-0,9-00,7-00,79.0,46.0,8-00,6-00,5-00,7-00,26.0,0.0,1.0,17.0,0.0,1.0,9.0,0.0,1.0,7.0,0.0,1.0,8.0,0.0,1.0,6.0,0.0,1.0,5.0,0.0,1.0,7.0,0.0,1.0,8.5,0.9791,125.4,89.8,47.5,30.4
46,261,2020-21-Iona,2020-21,Iona,MAAC,62.0,AQ,138.0,138.0,293.0,227.0,5-12,3-10,2-2,3-4,315.0,198.0,0-1,0-0,2-00,4-10,5.0,12.0,0.2941176470588240,3.0,10.0,0.2307692307692310,2.0,2.0,0.5,3.0,4.0,0.4285714285714290,0.0,1.0,0.0,0.0,0.0,0.0,2.0,0.0,1.0,4.0,10.0,0.2857142857142860,-3.2,0.545,101.1,99.5,45.6,33.4
47,262,2020-21-Drake,2020-21,Drake,MVC,48.0,AL,45.0,45.0,184.0,184.0,23-4,16-4,7-00,2-9,175.0,305.0,2-1,5-00,2-6,11-00,23.0,4.0,0.8518518518518520,16.0,4.0,0.8,7.0,0.0,1.0,2.0,9.0,0.1818181818181820,2.0,1.0,0.6666666666666670,5.0,0.0,1.0,2.0,6.0,0.25,11.0,0.0,1.0,1.5,0.7508,111.8,101.6,48.4,31.6
48,263,2020-21-Missouri,2020-21,Missouri,SEC,33.0,AL,47.0,47.0,13.0,70.0,16-9,9-9,7-00,4-6,22.0,71.0,6-7,3-2,6-00,1-00,16.0,9.0,0.64,9.0,9.0,0.5,7.0,0.0,1.0,4.0,6.0,0.4,6.0,7.0,0.4615384615384620,3.0,2.0,0.6,6.0,0.0,1.0,1.0,0.0,1.0,2.1,0.8599,111.3,95.0,48.5,28.6
49,266,2020-21-Florida,2020-21,Florida,SEC,28.0,AL,31.0,31.0,20.0,75.0,14-9,8-10,1-4,5-5,24.0,51.0,5-5,3-3,1-5,1-00,14.0,9.0,0.6086956521739130,8.0,10.0,0.4444444444444440,1.0,4.0,0.2,5.0,5.0,0.5,5.0,5.0,0.5,3.0,3.0,0.5,1.0,5.0,0.1666666666666670,1.0,0.0,1.0,1.4,0.8748,110.6,93.4,47.5,30.7
50,274,2021-22-Texas,2021-22,Texas,Big 12,23.0,AL,16.0,17.0,49.0,107.0,21-11,9-10,2-11,7-4,17.0,170.0,10-5,1-5,3-00,8-00,21.0,11.0,0.65625,9.0,10.0,0.4736842105263160,2.0,11.0,0.1538461538461540,7.0,4.0,0.6363636363636360,10.0,5.0,0.6666666666666670,1.0,5.0,0.1666666666666670,3.0,0.0,1.0,8.0,0.0,1.0,3.4,0.9152,112.5,91.5,47.0,31.6
51,277,2021-22-Longwood,2021-22,Longwood,Big South,55.0,AQ,125.0,126.0,340.0,249.0,22-6,18-1,5-4,5-7,348.0,270.0,0-1,0-1,2-4,18-2,22.0,6.0,0.7857142857142860,18.0,1.0,0.9473684210526320,5.0,4.0,0.5555555555555560,5.0,7.0,0.4166666666666670,0.0,1.0,0.0,0.0,1.0,0.0,2.0,4.0,0.3333333333333330,18.0,2.0,0.9,-2.3,0.5541,105.7,103.7,51.4,33.2
52,282,2021-22-MontanaSt.,2021-22,Montana St.,Big Sky,58.0,AQ,120.0,120.0,315.0,238.0,25-7,19-4,3-6,6-9,341.0,243.0,0-2,0-0,3-5,20-2,25.0,7.0,0.78125,19.0,4.0,0.8260869565217390,3.0,6.0,0.3333333333333330,6.0,9.0,0.4,0.0,2.0,0.0,0.0,0.0,0.0,3.0,5.0,0.375,20.0,2.0,0.9090909090909090,-2.8,0.5308,103.6,102.5,49.4,26.7
53,283,2021-22-Akron,2021-22,Akron,MAC,54.0,AQ,127.0,127.0,261.0,217.0,22-9,17-6,3-5,4-8,282.0,289.0,0-2,1-2,4-4,16-2,22.0,9.0,0.7096774193548390,17.0,6.0,0.7391304347826090,3.0,5.0,0.375,4.0,8.0,0.3333333333333330,0.0,2.0,0.0,1.0,2.0,0.3333333333333330,4.0,4.0,0.5,16.0,2.0,0.8888888888888890,-4.3,0.6041,105.5,101.7,49.1,29.0
54,291,2021-22-Michigan,2021-22,Michigan,Big Ten,42.0,AL,34.0,34.0,3.0,71.0,17-14,10-11,4-6,7-5,7.0,31.0,10-5,3-3,1-6,3-00,17.0,14.0,0.5483870967741940,10.0,11.0,0.4761904761904760,4.0,6.0,0.4,7.0,5.0,0.5833333333333330,10.0,5.0,0.6666666666666670,3.0,3.0,0.5,1.0,6.0,0.1428571428571430,3.0,0.0,1.0,0.2,0.8741,113.9,96.2,49.7,31.0
55,296,2021-22-OhioSt.,2021-22,Ohio St.,Big Ten,28.0,AL,26.0,26.0,13.0,86.0,19-11,9-12,2-7,6-5,26.0,51.0,5-5,5-5,1-6,3-00,19.0,11.0,0.6333333333333330,9.0,12.0,0.4285714285714290,2.0,7.0,0.2222222222222220,6.0,5.0,0.5454545454545450,5.0,5.0,0.5,5.0,5.0,0.5,1.0,6.0,0.1428571428571430,3.0,0.0,1.0,1.3,0.8612,115.5,98.5,47.6,29.3
56,299,2021-22-UCLA,2021-22,UCLA,Pac-12,13.0,AL,10.0,10.0,36.0,102.0,25-7,17-6,1-8,4-8,44.0,30.0,4-5,2-8,1-8,4-00,25.0,7.0,0.78125,17.0,6.0,0.7391304347826090,1.0,8.0,0.1111111111111110,4.0,8.0,0.3333333333333330,4.0,5.0,0.4444444444444440,2.0,8.0,0.2,1.0,8.0,0.1111111111111110,4.0,0.0,1.0,5.1,0.9321,115.8,92.2,47.6,31.3
57,304,2021-22-LoyolaChicago,2021-22,Loyola Chicago,MVC,39.0,AQ,23.0,23.0,110.0,149.0,24-7,16-5,2-8,3-8,112.0,38.0,2-3,4-5,1-7,9-00,24.0,7.0,0.7741935483870970,16.0,5.0,0.7619047619047620,2.0,8.0,0.2,3.0,8.0,0.2727272727272730,2.0,3.0,0.4,4.0,5.0,0.4444444444444440,1.0,7.0,0.125,9.0,0.0,1.0,1.8,0.8439,106.9,92.3,46.9,25.1
58,309,2021-22-NorthCarolina,2021-22,North Carolina,ACC,30.0,AL,31.0,32.0,49.0,107.0,24-9,16-6,3-8,3-8,58.0,35.0,8-3,3-00,13-0,1-5,24.0,9.0,0.7272727272727270,16.0,6.0,0.7272727272727270,3.0,8.0,0.2727272727272730,3.0,8.0,0.2727272727272730,8.0,3.0,0.7272727272727270,3.0,0.0,1.0,13.0,0.0,1.0,1.0,5.0,0.1666666666666670,4.3,0.9113,114.4,93.5,48.6,31.9
59,315,2021-22-Kansas,2021-22,Kansas,Big 12,3.0,AQ,6.0,6.0,2.0,67.0,28-6,17-4,2-11,4-6,6.0,81.0,5-12,1-8,5-00,3-00,28.0,6.0,0.8235294117647060,17.0,4.0,0.8095238095238100,2.0,11.0,0.1538461538461540,4.0,6.0,0.4,5.0,12.0,0.2941176470588240,1.0,8.0,0.1111111111111110,5.0,0.0,1.0,3.0,0.0,1.0,10.4,0.958,119.8,91.3,45.8,32.9
60,316,2021-22-UAB,2021-22,UAB,CUSA,48.0,AQ,46.0,46.0,161.0,178.0,25-7,17-4,3-8,4-7,182.0,204.0,1-2,2-3,3-8,1-12,25.0,7.0,0.78125,17.0,4.0,0.8095238095238100,3.0,8.0,0.2727272727272730,4.0,7.0,0.3636363636363640,1.0,2.0,0.3333333333333330,2.0,3.0,0.4,3.0,8.0,0.2727272727272730,1.0,12.0,0.0769230769230769,-0.1,0.8001,111.8,99.1,48.4,33.3
61,321,2021-22-NewMexicoSt.,2021-22,New Mexico St.,WAC,50.0,AQ,79.0,79.0,125.0,164.0,23-6,15-4,2-8,3-9,174.0,146.0,2-00,2-4,2-9,2-8,23.0,6.0,0.7931034482758620,15.0,4.0,0.7894736842105260,2.0,8.0,0.2,3.0,9.0,0.25,2.0,0.0,1.0,2.0,4.0,0.3333333333333330,2.0,9.0,0.1818181818181820,2.0,8.0,0.2,0.7,0.7579,106.0,96.0,45.2,32.6
62,324,2021-22-Baylor,2021-22,Baylor,Big 12,4.0,AL,4.0,4.0,21.0,93.0,26-6,14-5,1-12,3-8,13.0,108.0,5-10,1-8,2-00,6-00,26.0,6.0,0.8125,14.0,5.0,0.7368421052631580,1.0,12.0,0.0769230769230769,3.0,8.0,0.2727272727272730,5.0,10.0,0.3333333333333330,1.0,8.0,0.1111111111111110,2.0,0.0,1.0,6.0,0.0,1.0,8.9,0.9491,117.8,91.3,47.8,36.3
63,326,2021-22-Rutgers,2021-22,Rutgers,Big Ten,44.0,AL,77.0,77.0,61.0,112.0,18-13,9-12,4-6,9-4,35.0,297.0,6-6,4-3,2-4,1-5,18.0,13.0,0.5806451612903230,9.0,12.0,0.4285714285714290,4.0,6.0,0.4,9.0,4.0,0.6923076923076920,6.0,6.0,0.5,4.0,3.0,0.5714285714285710,2.0,4.0,0.3333333333333330,1.0,5.0,0.1666666666666670,-0.7,0.7629,106.6,96.3,48.6,29.6
64,339,2021-22-TexasSouthern,2021-22,Texas Southern,SWAC,67.0,AQ,197.0,197.0,336.0,247.0,18-12,16-5,7-2,10-8,253.0,14.0,2-1,0-3,0-2,17-5,18.0,12.0,0.6,16.0,5.0,0.7619047619047620,7.0,2.0,0.7777777777777780,10.0,8.0,0.5555555555555560,2.0,1.0,0.6666666666666670,0.0,3.0,0.0,0.0,2.0,0.0,17.0,5.0,0.7727272727272730,-6.8,0.4356,96.3,98.5,45.3,33.0
65,346,2021-22-UConn,2021-22,UConn,Big East,17.0,AL,17.0,16.0,54.0,108.0,23-9,14-7,2-9,5-5,41.0,130.0,6-5,3-8,3-00,7-00,23.0,9.0,0.71875,14.0,7.0,0.6666666666666670,2.0,9.0,0.1818181818181820,5.0,5.0,0.5,6.0,5.0,0.5454545454545450,3.0,8.0,0.2727272727272730,3.0,0.0,1.0,7.0,0.0,1.0,3.1,0.8709,113.2,95.9,46.0,37.9
66,349,2021-22-Villanova,2021-22,Villanova,Big East,7.0,AQ,8.0,7.0,8.0,84.0,26-7,19-4,3-7,5-10,15.0,10.0,6-8,1-9,5-00,4-00,26.0,7.0,0.7878787878787880,19.0,4.0,0.8260869565217390,3.0,7.0,0.3,5.0,10.0,0.3333333333333330,6.0,8.0,0.4285714285714290,1.0,9.0,0.1,5.0,0.0,1.0,4.0,0.0,1.0,7.3,0.9346,117.2,93.0,47.3,31.2
67,351,2021-22-CalSt.Fullerton,2021-22,Cal St. Fullerton,Big West,62.0,AQ,153.0,153.0,232.0,208.0,19-10,14-4,6-5,7-7,257.0,245.0,0-2,1-1,3-7,4-11,19.0,10.0,0.6551724137931030,14.0,4.0,0.7777777777777780,6.0,5.0,0.5454545454545450,7.0,7.0,0.5,0.0,2.0,0.0,1.0,1.0,0.5,3.0,7.0,0.3,4.0,11.0,0.2666666666666670,-5.0,0.4675,102.0,103.1,51.1,29.1
68,355,2021-22-GeorgiaSt.,2021-22,Georgia St.,Sun Belt,63.0,AQ,159.0,159.0,188.0,191.0,15-10,5-12,5-3,6-6,250.0,181.0,0-1,0-1,6-7,2-8,15.0,10.0,0.6,5.0,12.0,0.2941176470588240,5.0,3.0,0.625,6.0,6.0,0.5,0.0,1.0,0.0,0.0,1.0,0.0,6.0,7.0,0.4615384615384620,2.0,8.0,0.2,-5.1,0.5983,101.9,98.4,50.0,32.5
69,364,2021-22-LSU,2021-22,LSU,SEC,22.0,AL,18.0,18.0,31.0,97.0,22-11,10-10,1-12,8-2,29.0,216.0,9-6,1-5,1-6,5-00,22.0,11.0,0.6666666666666670,10.0,10.0,0.5,1.0,12.0,0.0769230769230769,8.0,2.0,0.8,9.0,6.0,0.6,1.0,5.0,0.1666666666666670,1.0,6.0,0.1428571428571430,5.0,0.0,1.0,2.3,0.8766,106.3,89.6,45.1,33.8
70,366,2021-22-SanDiegoSt.,2021-22,San Diego St.,Mountain West,31.0,AL,25.0,25.0,57.0,110.0,23-8,15-5,3-8,5-5,60.0,96.0,8-5,5-00,6-00,7-00,23.0,8.0,0.7419354838709680,15.0,5.0,0.75,3.0,8.0,0.2727272727272730,5.0,5.0,0.5,8.0,5.0,0.6153846153846150,5.0,0.0,1.0,6.0,0.0,1.0,7.0,0.0,1.0,2.6,0.8675,102.4,86.9,44.1,29.5
71,372,2021-22-NorfolkSt.,2021-22,Norfolk St.,MEAC,64.0,AQ,156.0,156.0,358.0,276.0,21-6,15-2,4-6,6-7,354.0,275.0,0-1,0-1,1-2,19-3,21.0,6.0,0.7777777777777780,15.0,2.0,0.8823529411764710,4.0,6.0,0.4,6.0,7.0,0.4615384615384620,0.0,1.0,0.0,0.0,1.0,0.0,1.0,2.0,0.3333333333333330,19.0,3.0,0.8636363636363640,-3.1,0.4342,100.7,103.0,45.8,30.1
72,380,2021-22-Arkansas,2021-22,Arkansas,SEC,16.0,AL,20.0,20.0,36.0,102.0,25-8,14-6,2-11,4-5,48.0,287.0,6-7,1-5,1-6,7-00,25.0,8.0,0.7575757575757580,14.0,6.0,0.7,2.0,11.0,0.1538461538461540,4.0,5.0,0.4444444444444440,6.0,7.0,0.4615384615384620,1.0,5.0,0.1666666666666670,1.0,6.0,0.1428571428571430,7.0,0.0,1.0,4.5,0.8894,108.7,90.7,47.5,29.6
73,384,2021-22-SaintMary's(CA),2021-22,Saint Mary's (CA),WCC,19.0,AL,19.0,19.0,68.0,116.0,24-7,13-4,3-11,4-6,56.0,72.0,7-4,6-00,5-00,9-00,24.0,7.0,0.7741935483870970,13.0,4.0,0.7647058823529410,3.0,11.0,0.2142857142857140,4.0,6.0,0.4,7.0,4.0,0.6363636363636360,6.0,0.0,1.0,5.0,0.0,1.0,9.0,0.0,1.0,3.9,0.9024,109.8,90.5,48.3,27.4
74,389,2021-22-Providence,2021-22,Providence,Big East,15.0,AL,32.0,33.0,36.0,102.0,25-5,15-4,1-10,2-7,54.0,124.0,3-5,2-9,6-00,5-00,25.0,5.0,0.8333333333333330,15.0,4.0,0.7894736842105260,1.0,10.0,0.0909090909090909,2.0,7.0,0.2222222222222220,3.0,5.0,0.375,2.0,9.0,0.1818181818181820,6.0,0.0,1.0,5.0,0.0,1.0,5.9,0.8554,111.4,95.5,46.3,30.3
75,390,2021-22-SetonHall,2021-22,Seton Hall,Big East,32.0,AL,37.0,37.0,21.0,93.0,20-10,9-12,1-8,5-6,28.0,101.0,7-6,3-3,8-00,3-00,20.0,10.0,0.6666666666666670,9.0,12.0,0.4285714285714290,1.0,8.0,0.1111111111111110,5.0,6.0,0.4545454545454550,7.0,6.0,0.5384615384615380,3.0,3.0,0.5,8.0,0.0,1.0,3.0,0.0,1.0,1.9,0.8,105.4,93.4,45.6,32.3
76,400,2021-22-Tennessee,2021-22,Tennessee,SEC,10.0,AQ,7.0,8.0,8.0,84.0,26-7,17-4,3-9,5-6,4.0,16.0,7-11,5-00,4-00,6-00,26.0,7.0,0.7878787878787880,17.0,4.0,0.8095238095238100,3.0,9.0,0.25,5.0,6.0,0.4545454545454550,7.0,11.0,0.3888888888888890,5.0,0.0,1.0,4.0,0.0,1.0,6.0,0.0,1.0,8.0,0.9439,111.3,87.1,46.4,32.4
77,402,2021-22-A&M-CorpusChristi,2021-22,A&M-Corpus Christi,Southland,68.0,AQ,241.0,241.0,357.0,273.0,19-11,7-10,4-9,6-7,351.0,315.0,0-2,0-1,2-1,18-6,19.0,11.0,0.6333333333333330,7.0,10.0,0.4117647058823530,4.0,9.0,0.3076923076923080,6.0,7.0,0.4615384615384620,0.0,2.0,0.0,0.0,1.0,0.0,2.0,1.0,0.6666666666666670,18.0,6.0,0.75,-7.6,0.3223,96.4,102.8,49.0,34.0
78,403,2021-22-Auburn,2021-22,Auburn,SEC,5.0,AL,11.0,12.0,26.0,94.0,27-5,15-4,1-12,3-8,43.0,79.0,5-8,7-00,8-00,4-00,27.0,5.0,0.84375,15.0,4.0,0.7894736842105260,1.0,12.0,0.0769230769230769,3.0,8.0,0.2727272727272730,5.0,8.0,0.3846153846153850,7.0,0.0,1.0,8.0,0.0,1.0,4.0,0.0,1.0,7.4,0.9228,111.7,90.0,44.1,33.7
79,422,2021-22-Wisconsin,2021-22,Wisconsin,Big Ten,9.0,AL,24.0,24.0,8.0,84.0,24-7,15-6,1-9,2-9,18.0,43.0,3-9,2-7,2-4,4-00,24.0,7.0,0.7741935483870970,15.0,6.0,0.7142857142857140,1.0,9.0,0.1,2.0,9.0,0.1818181818181820,3.0,9.0,0.25,2.0,7.0,0.2222222222222220,2.0,4.0,0.3333333333333330,4.0,0.0,1.0,6.5,0.8511,108.7,93.4,49.0,25.9
80,423,2021-22-Indiana,2021-22,Indiana,Big Ten,45.0,AL,38.0,39.0,35.0,100.0,20-13,12-11,1-9,8-3,38.0,308.0,8-4,4-4,1-5,7-00,20.0,13.0,0.6060606060606060,12.0,11.0,0.5217391304347830,1.0,9.0,0.1,8.0,3.0,0.7272727272727270,8.0,4.0,0.6666666666666670,4.0,4.0,0.5,1.0,5.0,0.1666666666666670,7.0,0.0,1.0,0.2,0.8652,107.7,91.6,46.2,27.0
81,445,2021-22-Duke,2021-22,Duke,ACC,8.0,AL,12.0,13.0,71.0,117.0,28-6,18-5,1-10,2-9,68.0,116.0,2-6,3-6,1-8,8-00,28.0,6.0,0.8235294117647060,18.0,5.0,0.782608695652174,1.0,10.0,0.0909090909090909,2.0,9.0,0.1818181818181820,2.0,6.0,0.25,3.0,6.0,0.3333333333333330,1.0,8.0,0.1111111111111110,8.0,0.0,1.0,7.2,0.944,122.7,96.0,47.1,31.7
82,462,2021-22-Houston,2021-22,Houston,The American,18.0,AQ,3.0,3.0,74.0,119.0,29-5,18-3,2-11,3-7,99.0,149.0,4-1,1-10,10-00,8-00,29.0,5.0,0.8529411764705880,18.0,3.0,0.8571428571428570,2.0,11.0,0.1538461538461540,3.0,7.0,0.3,4.0,1.0,0.8,1.0,10.0,0.0909090909090909,10.0,0.0,1.0,8.0,0.0,1.0,6.2,0.9595,116.5,88.5,43.3,37.7
83,464,2021-22-Bryant,2021-22,Bryant,NEC,66.0,AQ,200.0,200.0,340.0,249.0,21-9,18-2,7-3,7-7,319.0,148.0,0-1,0-3,2-3,18-3,21.0,9.0,0.7,18.0,2.0,0.9,7.0,3.0,0.7,7.0,7.0,0.5,0.0,1.0,0.0,0.0,3.0,0.0,2.0,3.0,0.4,18.0,3.0,0.8571428571428570,-4.8,0.4651,102.9,104.1,47.6,32.8
84,471,2021-22-Colgate,2021-22,Colgate,Patriot,57.0,AQ,128.0,128.0,332.0,245.0,22-11,19-2,9-3,10-8,326.0,187.0,0-2,1-00,6-1,20-3,22.0,11.0,0.6666666666666670,19.0,2.0,0.9047619047619050,9.0,3.0,0.75,10.0,8.0,0.5555555555555560,0.0,2.0,0.0,1.0,0.0,1.0,6.0,1.0,0.8571428571428570,20.0,3.0,0.8695652173913040,-6.1,0.6026,107.0,103.2,48.9,26.6
85,474,2021-22-Alabama,2021-22,Alabama,SEC,21.0,AL,30.0,30.0,1.0,66.0,19-13,10-9,3-10,7-3,1.0,7.0,8-8,3-5,2-5,1-00,19.0,13.0,0.59375,10.0,9.0,0.5263157894736840,3.0,10.0,0.2307692307692310,7.0,3.0,0.7,8.0,8.0,0.5,3.0,5.0,0.375,2.0,5.0,0.2857142857142860,1.0,0.0,1.0,2.0,0.8612,115.2,98.3,49.8,35.3
86,491,2021-22-Purdue,2021-22,Purdue,Big Ten,11.0,AL,13.0,11.0,20.0,92.0,27-7,16-7,11-00,5-5,25.0,227.0,6-8,1-6,7-00,6-00,27.0,7.0,0.7941176470588240,16.0,7.0,0.6956521739130440,11.0,0.0,1.0,5.0,5.0,0.5,6.0,8.0,0.4285714285714290,1.0,6.0,0.1428571428571430,7.0,0.0,1.0,6.0,0.0,1.0,7.0,0.9267,121.6,97.5,49.1,35.2
87,492,2021-22-MichiganSt.,2021-22,Michigan St.,Big Ten,27.0,AL,36.0,36.0,7.0,82.0,22-12,13-10,2-9,6-5,14.0,25.0,9-5,2-8,1-6,3-00,22.0,12.0,0.6470588235294120,13.0,10.0,0.5652173913043480,2.0,9.0,0.1818181818181820,6.0,5.0,0.5454545454545450,9.0,5.0,0.6428571428571430,2.0,8.0,0.2,1.0,6.0,0.1428571428571430,3.0,0.0,1.0,2.9,0.8405,111.6,96.6,48.1,30.7
88,493,2021-22-BoiseSt.,2021-22,Boise St.,Mountain West,29.0,AQ,29.0,29.0,73.0,118.0,26-7,18-3,4-8,3-8,86.0,232.0,3-6,3-7,7-00,1-6,26.0,7.0,0.7878787878787880,18.0,3.0,0.8571428571428570,4.0,8.0,0.3333333333333330,3.0,8.0,0.2727272727272730,3.0,6.0,0.3333333333333330,3.0,7.0,0.3,7.0,0.0,1.0,1.0,6.0,0.1428571428571430,3.5,0.8434,107.6,92.9,48.3,30.6
89,495,2021-22-JacksonvilleSt.,2021-22,Jacksonville St.,ASUN,61.0,AQ,143.0,142.0,273.0,223.0,19-10,14-4,6-5,5-9,291.0,188.0,0-2,1-1,2-3,15-5,19.0,10.0,0.6551724137931030,14.0,4.0,0.7777777777777780,6.0,5.0,0.5454545454545450,5.0,9.0,0.3571428571428570,0.0,2.0,0.0,1.0,1.0,0.5,2.0,3.0,0.4,15.0,5.0,0.75,-5.2,0.5638,104.5,102.2,48.1,28.2
90,501,2021-22-Vermont,2021-22,Vermont,America East,53.0,AQ,52.0,52.0,315.0,238.0,27-5,20-1,4-7,4-10,334.0,189.0,0-1,1-1,2-7,19-1,27.0,5.0,0.84375,20.0,1.0,0.9523809523809520,4.0,7.0,0.3636363636363640,4.0,10.0,0.2857142857142860,0.0,1.0,0.0,1.0,1.0,0.5,2.0,7.0,0.2222222222222220,19.0,1.0,0.95,-0.8,0.7984,109.7,97.3,47.7,23.7
91,507,2021-22-SaintPeter's,2021-22,Saint Peter's,MAAC,60.0,AQ,124.0,124.0,207.0,198.0,18-11,17-6,5-1,7-7,235.0,40.0,0-3,0-1,3-7,4-11,18.0,11.0,0.6206896551724140,17.0,6.0,0.7391304347826090,5.0,1.0,0.8333333333333330,7.0,7.0,0.5,0.0,3.0,0.0,0.0,1.0,0.0,3.0,7.0,0.3,4.0,11.0,0.2666666666666670,-5.6,0.6786,99.4,93.1,44.2,30.9
92,508,2021-22-Marquette,2021-22,Marquette,Big East,35.0,AL,42.0,43.0,19.0,91.0,19-12,9-11,3-8,7-4,23.0,36.0,7-5,5-5,4-00,5-00,19.0,12.0,0.6129032258064520,9.0,11.0,0.45,3.0,8.0,0.2727272727272730,7.0,4.0,0.6363636363636360,7.0,5.0,0.5833333333333330,5.0,5.0,0.5,4.0,0.0,1.0,5.0,0.0,1.0,0.6,0.7787,107.7,96.5,47.0,22.5
93,512,2021-22-Delaware,2021-22,Delaware,CAA,59.0,AQ,137.0,137.0,183.0,189.0,21-12,13-8,4-8,5-8,234.0,288.0,0-2,4-1,4-8,2-12,21.0,12.0,0.6363636363636360,13.0,8.0,0.6190476190476190,4.0,8.0,0.3333333333333330,5.0,8.0,0.3846153846153850,0.0,2.0,0.0,4.0,1.0,0.8,4.0,8.0,0.3333333333333330,2.0,12.0,0.1428571428571430,-5.5,0.5908,106.5,103.2,49.6,26.7
94,513,2021-22-VirginiaTech,2021-22,Virginia Tech,ACC,46.0,AQ,27.0,27.0,77.0,120.0,23-12,15-9,3-8,6-7,71.0,134.0,5-3,5-6,2-7,7-00,23.0,12.0,0.6571428571428570,15.0,9.0,0.625,3.0,8.0,0.2727272727272730,6.0,7.0,0.4615384615384620,5.0,3.0,0.625,5.0,6.0,0.4545454545454550,2.0,7.0,0.2222222222222220,7.0,0.0,1.0,1.7,0.9028,115.6,95.2,49.0,27.8
95,515,2021-22-Yale,2021-22,Yale,Ivy League,56.0,AQ,142.0,147.0,181.0,188.0,18-11,13-3,8-5,6-6,167.0,84.0,0-4,1-1,5-5,1-12,18.0,11.0,0.6206896551724140,13.0,3.0,0.8125,8.0,5.0,0.6153846153846150,6.0,6.0,0.5,0.0,4.0,0.0,1.0,1.0,0.5,5.0,5.0,0.5,1.0,12.0,0.0769230769230769,-4.9,0.5449,99.4,97.9,48.9,25.6
96,518,2021-22-Kentucky,2021-22,Kentucky,SEC,6.0,AL,5.0,5.0,42.0,103.0,26-7,15-5,2-11,5-6,19.0,121.0,7-9,5-00,4-00,8-00,26.0,7.0,0.7878787878787880,15.0,5.0,0.75,2.0,11.0,0.1538461538461540,5.0,6.0,0.4545454545454550,7.0,9.0,0.4375,5.0,0.0,1.0,4.0,0.0,1.0,8.0,0.0,1.0,6.9,0.9295,119.4,95.4,46.9,37.7
97,519,2021-22-Gonzaga,2021-22,Gonzaga,WCC,1.0,AQ,1.0,1.0,102.0,142.0,26-3,15-1,2-11,1-5,59.0,69.0,3-10,2-00,1-00,13-0,26.0,3.0,0.896551724137931,15.0,1.0,0.9375,2.0,11.0,0.1538461538461540,1.0,5.0,0.1666666666666670,3.0,10.0,0.2307692307692310,2.0,0.0,1.0,1.0,0.0,1.0,13.0,0.0,1.0,6.7,0.9662,120.3,89.9,43.1,29.1
98,530,2021-22-Miami(FL),2021-22,Miami (FL),ACC,38.0,AL,62.0,62.0,66.0,115.0,23-10,15-7,3-8,2-10,77.0,147.0,3-4,4-5,3-9,5-00,23.0,10.0,0.696969696969697,15.0,7.0,0.6818181818181820,3.0,8.0,0.2727272727272730,2.0,10.0,0.1666666666666670,3.0,4.0,0.4285714285714290,4.0,5.0,0.4444444444444440,3.0,9.0,0.25,5.0,0.0,1.0,2.6,0.8467,113.6,97.9,52.5,22.4
99,532,2021-22-Memphis,2021-22,Memphis,The American,36.0,AL,33.0,31.0,48.0,106.0,21-10,15-6,4-6,6-5,62.0,75.0,4-5,4-3,2-8,5-00,21.0,10.0,0.6774193548387100,15.0,6.0,0.7142857142857140,4.0,6.0,0.4,6.0,5.0,0.5454545454545450,4.0,5.0,0.4444444444444440,4.0,3.0,0.5714285714285710,2.0,8.0,0.2,5.0,0.0,1.0,1.4,0.9028,112.4,92.6,46.6,37.4
100,535,2021-22-ColoradoSt.,2021-22,Colorado St.,Mountain West,24.0,AL,28.0,28.0,80.0,122.0,24-5,15-5,9-00,3-6,81.0,184.0,3-5,1-8,1-3,8-00,24.0,5.0,0.8275862068965520,15.0,5.0,0.75,9.0,0.0,1.0,3.0,6.0,0.3333333333333330,3.0,5.0,0.375,1.0,8.0,0.1111111111111110,1.0,3.0,0.25,8.0,0.0,1.0,4.3,0.819,111.9,98.1,50.1,21.9
101,537,2022-23-Illinois,2022-23,Illinois,Big Ten,36.0,AL,34.0,34.0,54.0,112.0,20-12,10-11,2-9,7-3,30.0,116.0,11-2,1-7,4-00,7-00,20.0,12.0,0.625,10.0,11.0,0.4761904761904760,2.0,9.0,0.1818181818181820,7.0,3.0,0.7,11.0,2.0,0.8461538461538460,1.0,7.0,0.125,4.0,0.0,1.0,7.0,0.0,1.0,0.9,0.8216,108.9,95.4,46.7,31.6
102,538,2022-23-Duke,2022-23,Duke,ACC,18.0,AQ,16.0,16.0,50.0,111.0,26-8,17-6,2-9,6-4,57.0,68.0,6-5,2-7,4-00,10-00,26.0,8.0,0.7647058823529410,17.0,6.0,0.7391304347826090,2.0,9.0,0.1818181818181820,6.0,4.0,0.6,6.0,5.0,0.5454545454545450,2.0,7.0,0.2222222222222220,4.0,0.0,1.0,10.0,0.0,1.0,4.5,0.9072,113.3,92.9,46.0,35.9
103,540,2022-23-Iona,2022-23,Iona,MAAC,52.0,AQ,58.0,59.0,257.0,214.0,27-7,20-3,4-7,4-8,309.0,143.0,0-1,0-2,2-7,20-2,27.0,7.0,0.7941176470588240,20.0,3.0,0.8695652173913040,4.0,7.0,0.3636363636363640,4.0,8.0,0.3333333333333330,0.0,1.0,0.0,0.0,2.0,0.0,2.0,7.0,0.2222222222222220,20.0,2.0,0.9090909090909090,-1.7,0.7909,110.3,98.3,46.3,31.6
104,549,2022-23-Providence,2022-23,Providence,Big East,42.0,AL,56.0,55.0,87.0,133.0,21-11,13-8,3-8,6-6,62.0,289.0,8-4,2-3,1-3,11-00,21.0,11.0,0.65625,13.0,8.0,0.6190476190476190,3.0,8.0,0.2727272727272730,6.0,6.0,0.5,8.0,4.0,0.6666666666666670,2.0,3.0,0.4,1.0,3.0,0.25,11.0,0.0,1.0,1.3,0.8128,114.9,101.2,49.7,34.7
105,556,2022-23-Arizona,2022-23,Arizona,Pac-12,7.0,AQ,10.0,10.0,43.0,108.0,28-6,17-6,11-00,4-6,47.0,57.0,2-9,4-7,5-00,7-00,28.0,6.0,0.8235294117647060,17.0,6.0,0.7391304347826090,11.0,0.0,1.0,4.0,6.0,0.4,2.0,9.0,0.1818181818181820,4.0,7.0,0.3636363636363640,5.0,0.0,1.0,7.0,0.0,1.0,7.6,0.9292,119.4,95.4,47.1,30.7
106,566,2022-23-Kentucky,2022-23,Kentucky,SEC,23.0,AL,26.0,25.0,41.0,107.0,21-11,7-12,4-9,4-6,25.0,71.0,7-6,1-6,2-3,1-6,21.0,11.0,0.65625,7.0,12.0,0.3684210526315790,4.0,9.0,0.3076923076923080,4.0,6.0,0.4,7.0,6.0,0.5384615384615380,1.0,6.0,0.1428571428571430,2.0,3.0,0.4,1.0,6.0,0.1428571428571430,1.6,0.8738,115.7,97.7,48.6,39.2
107,567,2022-23-Vermont,2022-23,Vermont,America East,59.0,AQ,109.0,109.0,236.0,206.0,22-10,17-2,8-5,6-9,221.0,52.0,0-3,3-1,3-5,16-1,22.0,10.0,0.6875,17.0,2.0,0.8947368421052630,8.0,5.0,0.6153846153846150,6.0,9.0,0.4,0.0,3.0,0.0,3.0,1.0,0.75,3.0,5.0,0.375,16.0,1.0,0.9411764705882350,-3.8,0.6873,109.7,102.5,51.0,19.2
108,570,2022-23-NorthernKy.,2022-23,Northern Ky.,Horizon,63.0,AQ,154.0,154.0,223.0,203.0,20-12,17-6,6-3,6-6,272.0,87.0,0-2,3-1,4-5,14-3,20.0,12.0,0.625,17.0,6.0,0.7391304347826090,6.0,3.0,0.6666666666666670,6.0,6.0,0.5,0.0,2.0,0.0,3.0,1.0,0.75,4.0,5.0,0.4444444444444440,14.0,3.0,0.8235294117647060,-6.7,0.5349,102.6,101.4,51.3,31.6
109,571,2022-23-KennesawSt.,2022-23,Kennesaw St.,ASUN,55.0,AQ,115.0,114.0,195.0,193.0,23-8,18-3,5-5,6-10,180.0,39.0,0-4,2-00,2-8,13-2,23.0,8.0,0.7419354838709680,18.0,3.0,0.8571428571428570,5.0,5.0,0.5,6.0,10.0,0.375,0.0,4.0,0.0,2.0,0.0,1.0,2.0,8.0,0.2,13.0,2.0,0.8666666666666670,-1.4,0.6428,105.6,100.3,51.1,27.3
110,573,2022-23-Memphis,2022-23,Memphis,The American,29.0,AQ,23.0,29.0,68.0,117.0,26-8,16-5,3-10,5-7,67.0,33.0,4-4,3-9,1-7,6-00,26.0,8.0,0.7647058823529410,16.0,5.0,0.7619047619047620,3.0,10.0,0.2307692307692310,5.0,7.0,0.4166666666666670,4.0,4.0,0.5,3.0,9.0,0.25,1.0,7.0,0.125,6.0,0.0,1.0,4.7,0.903,115.4,95.0,46.7,31.2
111,578,2022-23-Maryland,2022-23,Maryland,Big Ten,31.0,AL,31.0,31.0,54.0,112.0,21-12,10-12,2-9,9-2,36.0,159.0,10-3,2-6,3-00,9-00,21.0,12.0,0.6363636363636360,10.0,12.0,0.4545454545454550,2.0,9.0,0.1818181818181820,9.0,2.0,0.8181818181818180,10.0,3.0,0.7692307692307690,2.0,6.0,0.25,3.0,0.0,1.0,9.0,0.0,1.0,1.0,0.8658,112.6,95.8,47.7,30.0
112,584,2022-23-Gonzaga,2022-23,Gonzaga,WCC,10.0,AQ,6.0,6.0,50.0,111.0,27-5,16-2,3-11,2-7,56.0,9.0,4-6,5-00,1-8,8-00,27.0,5.0,0.84375,16.0,2.0,0.8888888888888890,3.0,11.0,0.2142857142857140,2.0,7.0,0.2222222222222220,4.0,6.0,0.4,5.0,0.0,1.0,1.0,8.0,0.1111111111111110,8.0,0.0,1.0,6.6,0.9251,123.2,99.0,51.4,31.2
113,593,2022-23-Tennessee,2022-23,Tennessee,SEC,14.0,AL,4.0,4.0,31.0,103.0,23-10,8-12,2-11,6-4,32.0,46.0,7-7,3-3,6-00,7-00,23.0,10.0,0.696969696969697,8.0,12.0,0.4,2.0,11.0,0.1538461538461540,6.0,4.0,0.6,7.0,7.0,0.5,3.0,3.0,0.5,6.0,0.0,1.0,7.0,0.0,1.0,2.8,0.9401,111.2,87.5,42.8,36.4
114,615,2022-23-Creighton,2022-23,Creighton,Big East,22.0,AL,17.0,17.0,21.0,96.0,21-12,15-7,5-6,6-5,26.0,21.0,9-3,2-7,1-5,6-00,21.0,12.0,0.6363636363636360,15.0,7.0,0.6818181818181820,5.0,6.0,0.4545454545454550,6.0,5.0,0.5454545454545450,9.0,3.0,0.75,2.0,7.0,0.2222222222222220,1.0,5.0,0.1666666666666670,6.0,0.0,1.0,2.2,0.9177,115.0,93.2,47.1,25.3
115,616,2022-23-Pittsburgh,2022-23,Pittsburgh,ACC,44.0,AL,67.0,67.0,100.0,144.0,22-11,15-7,4-7,5-7,90.0,144.0,4-4,5-3,1-5,1-10,22.0,11.0,0.6666666666666670,15.0,7.0,0.6818181818181820,4.0,7.0,0.3636363636363640,5.0,7.0,0.4166666666666670,4.0,4.0,0.5,5.0,3.0,0.625,1.0,5.0,0.1666666666666670,1.0,10.0,0.0909090909090909,-0.3,0.7743,113.1,101.6,48.5,29.5
116,618,2022-23-UConn,2022-23,UConn,Big East,13.0,AL,8.0,8.0,50.0,111.0,25-8,14-8,11-00,5-6,42.0,91.0,6-7,1-6,1-4,8-00,25.0,8.0,0.7575757575757580,14.0,8.0,0.6363636363636360,11.0,0.0,1.0,5.0,6.0,0.4545454545454550,6.0,7.0,0.4615384615384620,1.0,6.0,0.1428571428571430,1.0,4.0,0.2,8.0,0.0,1.0,5.0,0.9643,121.5,91.2,44.4,38.5
117,625,2022-23-Princeton,2022-23,Princeton,Ivy League,61.0,AQ,111.0,116.0,199.0,194.0,19-8,4-12,4-7,4-7,264.0,331.0,0-1,2-2,3-8,2-9,19.0,8.0,0.7037037037037040,4.0,12.0,0.25,4.0,7.0,0.3636363636363640,4.0,7.0,0.3636363636363640,0.0,1.0,0.0,2.0,2.0,0.5,3.0,8.0,0.2727272727272730,2.0,9.0,0.1818181818181820,-3.2,0.7083,109.1,101.0,48.4,28.1
118,633,2022-23-UtahSt.,2022-23,Utah St.,Mountain West,40.0,AL,18.0,19.0,22.0,97.0,25-8,15-6,2-10,4-6,73.0,198.0,5-2,1-9,13-0,2-1,25.0,8.0,0.7575757575757580,15.0,6.0,0.7142857142857140,2.0,10.0,0.1666666666666670,4.0,6.0,0.4,5.0,2.0,0.7142857142857140,1.0,9.0,0.1,13.0,0.0,1.0,2.0,1.0,0.6666666666666670,2.9,0.867,115.4,98.0,48.1,27.4
119,635,2022-23-WestVirginia,2022-23,West Virginia,Big 12,34.0,AL,25.0,24.0,3.0,74.0,19-14,12-8,2-11,8-3,5.0,97.0,13-6,1-6,1-00,6-00,19.0,14.0,0.5757575757575760,12.0,8.0,0.6,2.0,11.0,0.1538461538461540,8.0,3.0,0.7272727272727270,13.0,6.0,0.6842105263157900,1.0,6.0,0.1428571428571430,1.0,0.0,1.0,6.0,0.0,1.0,1.5,0.8933,117.2,97.5,50.9,34.0
120,640,2022-23-UNCAsheville,2022-23,UNC Asheville,Big South,62.0,AQ,140.0,140.0,306.0,233.0,25-7,19-2,5-6,6-10,311.0,173.0,1-1,0-1,2-4,20-3,25.0,7.0,0.78125,19.0,2.0,0.9047619047619050,5.0,6.0,0.4545454545454550,6.0,10.0,0.375,1.0,1.0,0.5,0.0,1.0,0.0,2.0,4.0,0.3333333333333330,20.0,3.0,0.8695652173913040,-1.9,0.4657,102.3,103.5,48.3,25.7
121,649,2022-23-IowaSt.,2022-23,Iowa St.,Big 12,21.0,AL,20.0,20.0,10.0,85.0,19-13,10-10,3-9,8-3,4.0,103.0,11-10,2-2,1-00,6-00,19.0,13.0,0.59375,10.0,10.0,0.5,3.0,9.0,0.25,8.0,3.0,0.7272727272727270,11.0,10.0,0.5238095238095240,2.0,2.0,0.5,1.0,0.0,1.0,6.0,0.0,1.0,2.4,0.8678,107.0,90.9,49.9,33.9
122,653,2022-23-TexasA&M,2022-23,Texas A&M,SEC,25.0,AL,19.0,18.0,54.0,112.0,25-9,17-4,5-8,4-7,43.0,248.0,6-7,1-5,6-00,2-7,25.0,9.0,0.7352941176470590,17.0,4.0,0.8095238095238100,5.0,8.0,0.3846153846153850,4.0,7.0,0.3636363636363640,6.0,7.0,0.4615384615384620,1.0,5.0,0.1666666666666670,6.0,0.0,1.0,2.0,7.0,0.2222222222222220,3.7,0.8808,113.8,95.7,48.2,36.7
123,658,2022-23-Auburn,2022-23,Auburn,SEC,35.0,AL,32.0,32.0,14.0,93.0,20-12,9-10,3-10,8-4,18.0,79.0,10-3,1-6,1-8,3-00,20.0,12.0,0.625,9.0,10.0,0.4736842105263160,3.0,10.0,0.2307692307692310,8.0,4.0,0.6666666666666670,10.0,3.0,0.7692307692307690,1.0,6.0,0.1428571428571430,1.0,8.0,0.1111111111111110,3.0,0.0,1.0,1.1,0.8829,113.1,94.9,45.7,32.8
124,659,2022-23-Nevada,2022-23,Nevada,Mountain West,46.0,AL,37.0,37.0,31.0,103.0,21-10,7-12,3-9,7-6,71.0,132.0,5-4,3-3,2-11,3-00,21.0,10.0,0.6774193548387100,7.0,12.0,0.3684210526315790,3.0,9.0,0.25,7.0,6.0,0.5384615384615380,5.0,4.0,0.5555555555555560,3.0,3.0,0.5,2.0,11.0,0.1538461538461540,3.0,0.0,1.0,0.7,0.7542,109.7,99.5,49.8,22.8
125,670,2022-23-Texas,2022-23,Texas,Big 12,6.0,AQ,7.0,7.0,8.0,82.0,26-8,15-6,2-11,6-4,6.0,124.0,14-8,4-00,1-00,7-00,26.0,8.0,0.7647058823529410,15.0,6.0,0.7142857142857140,2.0,11.0,0.1538461538461540,6.0,4.0,0.6,14.0,8.0,0.6363636363636360,4.0,0.0,1.0,1.0,0.0,1.0,7.0,0.0,1.0,7.5,0.9371,116.1,91.8,48.1,28.3
126,673,2022-23-SaintMary's(CA),2022-23,Saint Mary's (CA),WCC,19.0,AL,11.0,11.0,45.0,109.0,25-7,15-3,4-10,2-6,77.0,84.0,3-2,2-7,2-11,5-00,25.0,7.0,0.78125,15.0,3.0,0.8333333333333330,4.0,10.0,0.2857142857142860,2.0,6.0,0.25,3.0,2.0,0.6,2.0,7.0,0.2222222222222220,2.0,11.0,0.1538461538461540,5.0,0.0,1.0,3.4,0.9213,112.1,90.5,47.1,32.6
127,675,2022-23-GrandCanyon,2022-23,Grand Canyon,WAC,57.0,AQ,104.0,104.0,114.0,155.0,21-11,14-7,4-7,5-5,157.0,216.0,2-1,1-2,7-8,1-10,21.0,11.0,0.65625,14.0,7.0,0.6666666666666670,4.0,7.0,0.3636363636363640,5.0,5.0,0.5,2.0,1.0,0.6666666666666670,1.0,2.0,0.3333333333333330,7.0,8.0,0.4666666666666670,1.0,10.0,0.0909090909090909,-3.8,0.6388,111.3,106.0,47.5,30.2
128,692,2022-23-KansasSt.,2022-23,Kansas St.,Big 12,11.0,AL,24.0,23.0,18.0,95.0,23-9,8-11,1-12,7-4,16.0,310.0,8-9,1-4,3-00,7-00,23.0,9.0,0.71875,8.0,11.0,0.4210526315789470,1.0,12.0,0.0769230769230769,7.0,4.0,0.6363636363636360,8.0,9.0,0.4705882352941180,1.0,4.0,0.2,3.0,0.0,1.0,7.0,0.0,1.0,4.2,0.8803,112.6,94.7,48.1,29.9
129,715,2022-23-Iowa,2022-23,Iowa,Big Ten,32.0,AL,39.0,39.0,26.0,98.0,19-13,10-11,3-8,7-4,23.0,126.0,7-4,3-9,2-1,1-5,19.0,13.0,0.59375,10.0,11.0,0.4761904761904760,3.0,8.0,0.2727272727272730,7.0,4.0,0.6363636363636360,7.0,4.0,0.6363636363636360,3.0,9.0,0.25,2.0,1.0,0.6666666666666670,1.0,5.0,0.1666666666666670,0.3,0.8385,119.9,103.9,53.3,32.1
130,716,2022-23-Marquette,2022-23,Marquette,Big East,8.0,AQ,12.0,12.0,50.0,111.0,28-6,20-3,3-8,4-9,45.0,153.0,5-8,6-00,1-6,8-00,28.0,6.0,0.8235294117647060,20.0,3.0,0.8695652173913040,3.0,8.0,0.2727272727272730,4.0,9.0,0.3076923076923080,5.0,8.0,0.3846153846153850,6.0,0.0,1.0,1.0,6.0,0.1428571428571430,8.0,0.0,1.0,7.8,0.9197,118.7,96.0,51.0,26.2
131,733,2022-23-UCLA,2022-23,UCLA,Pac-12,5.0,AL,3.0,3.0,30.0,102.0,29-5,20-3,2-9,2-9,46.0,114.0,5-8,9-00,5-00,7-00,29.0,5.0,0.8529411764705880,20.0,3.0,0.8695652173913040,2.0,9.0,0.1818181818181820,2.0,9.0,0.1818181818181820,5.0,8.0,0.3846153846153850,9.0,0.0,1.0,5.0,0.0,1.0,7.0,0.0,1.0,8.4,0.9528,114.9,88.5,46.8,33.0
132,745,2022-23-Indiana,2022-23,Indiana,Big Ten,15.0,AL,30.0,30.0,18.0,95.0,22-11,13-9,2-9,7-5,12.0,104.0,9-6,2-6,4-00,6-00,22.0,11.0,0.6666666666666670,13.0,9.0,0.5909090909090910,2.0,9.0,0.1818181818181820,7.0,5.0,0.5833333333333330,9.0,6.0,0.6,2.0,6.0,0.25,4.0,0.0,1.0,6.0,0.0,1.0,3.4,0.8557,113.1,96.9,47.2,28.1
133,747,2022-23-FDU,2022-23,FDU,NEC,68.0,AQ,301.0,301.0,363.0,300.0,17-15,7-12,8-5,9-8,363.0,343.0,0-1,0-0,2-1,16-12,17.0,15.0,0.53125,7.0,12.0,0.3684210526315790,8.0,5.0,0.6153846153846150,9.0,8.0,0.5294117647058820,0.0,1.0,0.0,0.0,0.0,0.0,2.0,1.0,0.6666666666666670,16.0,12.0,0.5714285714285710,-12.2,0.2909,106.1,114.7,54.7,30.9
134,754,2022-23-NCState,2022-23,NC State,ACC,41.0,AL,45.0,45.0,83.0,131.0,23-10,13-9,1-10,6-4,78.0,246.0,6-1,4-7,5-00,10-00,23.0,10.0,0.696969696969697,13.0,9.0,0.5909090909090910,1.0,10.0,0.0909090909090909,6.0,4.0,0.6,6.0,1.0,0.8571428571428570,4.0,7.0,0.3636363636363640,5.0,0.0,1.0,10.0,0.0,1.0,1.1,0.8272,113.6,99.2,49.8,30.4
135,756,2022-23-ArizonaSt.,2022-23,Arizona St.,Pac-12,45.0,AL,66.0,66.0,59.0,113.0,22-12,13-10,2-9,6-7,55.0,183.0,6-5,5-4,5-00,1-8,22.0,12.0,0.6470588235294120,13.0,10.0,0.5652173913043480,2.0,9.0,0.1818181818181820,6.0,7.0,0.4615384615384620,6.0,5.0,0.5454545454545450,5.0,4.0,0.5555555555555560,5.0,0.0,1.0,1.0,8.0,0.1111111111111110,1.2,0.8207,108.4,95.0,46.5,29.2
136,762,2022-23-Fla.Atlantic,2022-23,Fla. Atlantic,CUSA,33.0,AQ,13.0,13.0,124.0,162.0,29-3,21-2,1-8,3-11,152.0,294.0,1-2,2-4,11-00,12-00,29.0,3.0,0.90625,21.0,2.0,0.9130434782608700,1.0,8.0,0.1111111111111110,3.0,11.0,0.2142857142857140,1.0,2.0,0.3333333333333330,2.0,4.0,0.3333333333333330,11.0,0.0,1.0,12.0,0.0,1.0,4.7,0.8815,114.0,95.8,46.1,31.4
137,763,2022-23-OralRoberts,2022-23,Oral Roberts,Summit League,48.0,AQ,36.0,36.0,262.0,216.0,26-4,21-0,4-5,4-11,202.0,6.0,0-4,1-00,6-00,19-0,26.0,4.0,0.8666666666666670,21.0,0.0,1.0,4.0,5.0,0.4444444444444440,4.0,11.0,0.2666666666666670,0.0,4.0,0.0,1.0,0.0,1.0,6.0,0.0,1.0,19.0,0.0,1.0,1.6,0.7487,111.8,101.6,48.6,24.5
138,764,2022-23-BoiseSt.,2022-23,Boise St.,Mountain West,37.0,AL,29.0,27.0,45.0,109.0,23-9,14-6,3-9,6-6,60.0,135.0,5-3,2-9,2-6,5-00,23.0,9.0,0.71875,14.0,6.0,0.7,3.0,9.0,0.25,6.0,6.0,0.5,5.0,3.0,0.625,2.0,9.0,0.1818181818181820,2.0,6.0,0.25,5.0,0.0,1.0,2.1,0.8361,110.1,95.6,47.5,27.2
139,780,2022-23-Missouri,2022-23,Missouri,SEC,27.0,AL,42.0,42.0,61.0,114.0,24-9,8-12,1-12,5-5,35.0,211.0,9-6,4-00,6-00,8-00,24.0,9.0,0.7272727272727270,8.0,12.0,0.4,1.0,12.0,0.0769230769230769,5.0,5.0,0.5,9.0,6.0,0.6,4.0,0.0,1.0,6.0,0.0,1.0,8.0,0.0,1.0,3.5,0.7939,117.5,104.5,52.3,26.3
140,785,2022-23-Virginia,2022-23,Virginia,ACC,16.0,AL,27.0,26.0,76.0,126.0,25-7,17-6,1-8,5-6,72.0,42.0,5-5,1-6,1-5,9-00,25.0,7.0,0.78125,17.0,6.0,0.7391304347826090,1.0,8.0,0.1111111111111110,5.0,6.0,0.4545454545454550,5.0,5.0,0.5,1.0,6.0,0.1428571428571430,1.0,5.0,0.1666666666666670,9.0,0.0,1.0,4.1,0.8591,110.0,94.0,48.3,25.6
141,790,2022-23-Purdue,2022-23,Purdue,Big Ten,4.0,AQ,5.0,5.0,16.0,94.0,29-5,18-5,11-00,3-8,20.0,81.0,4-10,1-9,5-00,5-00,29.0,5.0,0.8529411764705880,18.0,5.0,0.782608695652174,11.0,0.0,1.0,3.0,8.0,0.2727272727272730,4.0,10.0,0.2857142857142860,1.0,9.0,0.1,5.0,0.0,1.0,5.0,0.0,1.0,9.4,0.9333,117.9,93.7,47.2,38.4
142,791,2022-23-Houston,2022-23,Houston,The American,2.0,AL,1.0,1.0,93.0,138.0,31-3,19-2,1-12,11-00,92.0,74.0,2-7,8-00,1-7,9-00,31.0,3.0,0.9117647058823530,19.0,2.0,0.9047619047619050,1.0,12.0,0.0769230769230769,11.0,0.0,1.0,2.0,7.0,0.2222222222222220,8.0,0.0,1.0,1.0,7.0,0.125,9.0,0.0,1.0,8.0,0.9532,117.3,90.3,42.7,37.1
143,793,2022-23-Colgate,2022-23,Colgate,Patriot,60.0,AQ,101.0,101.0,324.0,243.0,25-8,20-1,7-5,4-11,345.0,238.0,0-1,1-00,5-2,22-2,25.0,8.0,0.7575757575757580,20.0,1.0,0.9523809523809520,7.0,5.0,0.5833333333333330,4.0,11.0,0.2666666666666670,0.0,1.0,0.0,1.0,0.0,1.0,5.0,2.0,0.7142857142857140,22.0,2.0,0.9166666666666670,-3.7,0.6607,112.5,106.1,52.2,25.0
144,796,2022-23-Howard,2022-23,Howard,MEAC,64.0,AQ,214.0,214.0,293.0,228.0,19-12,14-3,9-5,8-6,296.0,171.0,0-3,0-0,6-4,15-3,19.0,12.0,0.6129032258064520,14.0,3.0,0.8235294117647060,9.0,5.0,0.6428571428571430,8.0,6.0,0.5714285714285710,0.0,3.0,0.0,0.0,0.0,0.0,6.0,4.0,0.6,15.0,3.0,0.8333333333333330,-7.3,0.4031,102.7,106.3,50.9,33.7
145,801,2022-23-PennSt.,2022-23,Penn St.,Big Ten,38.0,AL,48.0,49.0,18.0,95.0,22-13,13-11,2-9,7-4,21.0,278.0,7-7,5-5,1-4,6-00,22.0,13.0,0.6285714285714290,13.0,11.0,0.5416666666666670,2.0,9.0,0.1818181818181820,7.0,4.0,0.6363636363636360,7.0,7.0,0.5,5.0,5.0,0.5,1.0,4.0,0.2,6.0,0.0,1.0,1.3,0.8547,117.5,100.7,49.1,19.2
146,802,2022-23-MichiganSt.,2022-23,Michigan St.,Big Ten,26.0,AL,33.0,33.0,3.0,74.0,19-12,9-11,3-8,7-5,7.0,37.0,9-5,2-8,1-2,4-00,19.0,12.0,0.6129032258064520,9.0,11.0,0.45,3.0,8.0,0.2727272727272730,7.0,5.0,0.5833333333333330,9.0,5.0,0.6428571428571430,2.0,8.0,0.2,1.0,2.0,0.3333333333333330,4.0,0.0,1.0,2.4,0.8771,114.4,96.4,48.6,27.6
147,806,2022-23-TCU,2022-23,TCU,Big 12,24.0,AL,28.0,28.0,40.0,106.0,21-12,10-10,2-11,7-3,11.0,292.0,11-8,5-00,0-0,1-8,21.0,12.0,0.6363636363636360,10.0,10.0,0.5,2.0,11.0,0.1538461538461540,7.0,3.0,0.7,11.0,8.0,0.5789473684210530,5.0,0.0,1.0,0.0,0.0,0.0,1.0,8.0,0.1111111111111110,2.2,0.8704,111.7,94.6,48.1,32.2
148,809,2023-24-Nevada,2023-24,Nevada,Mountain West,37.0,AL,34.0,34.0,94.0,133.0,25-7,13-6,1-12,3-8,88.0,247.0,6-6,2-00,1-8,9-00,25.0,7.0,0.78125,13.0,6.0,0.6842105263157900,1.0,12.0,0.0769230769230769,3.0,8.0,0.2727272727272730,6.0,6.0,0.5,2.0,0.0,1.0,1.0,8.0,0.1111111111111110,9.0,0.0,1.0,2.7,0.8632,115.1,98.0,48.2,27.5
149,810,2023-24-SaintMary's(CA),2023-24,Saint Mary's (CA),WCC,20.0,AQ,16.0,16.0,106.0,147.0,25-7,17-1,6-8,9-00,102.0,80.0,3-5,2-3,2-5,12-00,25.0,7.0,0.78125,17.0,1.0,0.9444444444444440,6.0,8.0,0.4285714285714290,9.0,0.0,1.0,3.0,5.0,0.375,2.0,3.0,0.4,2.0,5.0,0.2857142857142860,12.0,0.0,1.0,1.4,0.9198,115.8,93.7,45.1,39.0
150,821,2023-24-McNeese,2023-24,McNeese,Southland,49.0,AQ,56.0,56.0,323.0,244.0,26-3,19-1,2-7,3-11,338.0,129.0,1-00,2-2,4-00,19-1,26.0,3.0,0.896551724137931,19.0,1.0,0.95,2.0,7.0,0.2222222222222220,3.0,11.0,0.2142857142857140,1.0,0.0,1.0,2.0,2.0,0.5,4.0,0.0,1.0,19.0,1.0,0.95,0.7,0.7524,111.3,101.0,47.8,32.1
151,827,2023-24-Vermont,2023-24,Vermont,America East,51.0,AQ,102.0,102.0,222.0,204.0,26-6,18-1,5-8,4-10,285.0,182.0,0-2,2-00,3-9,15-1,26.0,6.0,0.8125,18.0,1.0,0.9473684210526320,5.0,8.0,0.3846153846153850,4.0,10.0,0.2857142857142860,0.0,2.0,0.0,2.0,0.0,1.0,3.0,9.0,0.25,15.0,1.0,0.9375,-1.2,0.6593,104.5,98.7,46.7,22.4
152,828,2023-24-Duke,2023-24,Duke,ACC,13.0,AL,10.0,10.0,59.0,111.0,24-8,15-6,2-9,4-7,71.0,116.0,4-5,4-6,7-00,6-00,24.0,8.0,0.75,15.0,6.0,0.7142857142857140,2.0,9.0,0.1818181818181820,4.0,7.0,0.3636363636363640,4.0,5.0,0.4444444444444440,4.0,6.0,0.4,7.0,0.0,1.0,6.0,0.0,1.0,3.3,0.9272,120.8,96.8,49.0,31.8
153,838,2023-24-BoiseSt.,2023-24,Boise St.,Mountain West,38.0,AL,26.0,27.0,50.0,107.0,20-10,13-6,4-7,3-7,51.0,32.0,5-6,4-3,1-3,8-00,20.0,10.0,0.6666666666666670,13.0,6.0,0.6842105263157900,4.0,7.0,0.3636363636363640,3.0,7.0,0.3,5.0,6.0,0.4545454545454550,4.0,3.0,0.5714285714285710,1.0,3.0,0.25,8.0,0.0,1.0,0.9,0.8538,114.0,97.8,49.8,32.5
154,845,2023-24-Dayton,2023-24,Dayton,Atlantic 10,28.0,AL,23.0,23.0,80.0,120.0,24-7,14-5,2-10,5-6,92.0,40.0,4-3,3-5,9-00,7-00,24.0,7.0,0.7741935483870970,14.0,5.0,0.7368421052631580,2.0,10.0,0.1666666666666670,5.0,6.0,0.4545454545454550,4.0,3.0,0.5714285714285710,3.0,5.0,0.375,9.0,0.0,1.0,7.0,0.0,1.0,2.6,0.8547,117.4,100.7,47.9,26.9
155,850,2023-24-MississippiSt.,2023-24,Mississippi St.,SEC,32.0,AL,31.0,31.0,25.0,97.0,21-13,11-10,2-11,8-2,28.0,234.0,9-4,3-4,7-00,1-6,21.0,13.0,0.6176470588235290,11.0,10.0,0.5238095238095240,2.0,11.0,0.1538461538461540,8.0,2.0,0.8,9.0,4.0,0.6923076923076920,3.0,4.0,0.4285714285714290,7.0,0.0,1.0,1.0,6.0,0.1428571428571430,0.8,0.8772,112.6,94.9,47.7,35.4
156,856,2023-24-IowaSt.,2023-24,Iowa St.,Big 12,8.0,AQ,6.0,6.0,59.0,111.0,27-7,16-5,2-11,5-5,16.0,324.0,6-10,1-6,2-00,9-00,27.0,7.0,0.7941176470588240,16.0,5.0,0.7619047619047620,2.0,11.0,0.1538461538461540,5.0,5.0,0.5,6.0,10.0,0.375,1.0,6.0,0.1428571428571430,2.0,0.0,1.0,9.0,0.0,1.0,6.9,0.9583,113.6,86.5,47.1,31.6
157,865,2023-24-Arizona,2023-24,Arizona,Pac-12,6.0,AL,4.0,4.0,11.0,89.0,25-8,16-6,2-9,4-7,49.0,13.0,3-8,4-7,1-8,2-00,25.0,8.0,0.7575757575757580,16.0,6.0,0.7272727272727270,2.0,9.0,0.1818181818181820,4.0,7.0,0.3636363636363640,3.0,8.0,0.2727272727272730,4.0,7.0,0.3636363636363640,1.0,8.0,0.1111111111111110,2.0,0.0,1.0,4.9,0.9526,121.5,93.6,48.7,36.3
158,871,2023-24-Drake,2023-24,Drake,MVC,40.0,AQ,47.0,47.0,108.0,149.0,27-6,19-4,2-8,5-6,130.0,282.0,1-4,3-3,2-9,11-00,27.0,6.0,0.8181818181818180,19.0,4.0,0.8260869565217390,2.0,8.0,0.2,5.0,6.0,0.4545454545454550,1.0,4.0,0.2,3.0,3.0,0.5,2.0,9.0,0.1818181818181820,11.0,0.0,1.0,1.7,0.8283,114.8,100.2,51.0,24.2
159,872,2023-24-Howard,2023-24,Howard,MEAC,67.0,AQ,273.0,273.0,343.0,254.0,16-16,5-12,11-4,9-6,336.0,242.0,0-1,0-3,5-1,15-7,16.0,16.0,0.5,5.0,12.0,0.2941176470588240,11.0,4.0,0.7333333333333330,9.0,6.0,0.6,0.0,1.0,0.0,0.0,3.0,0.0,5.0,1.0,0.8333333333333330,15.0,7.0,0.6818181818181820,-12.1,0.2913,104.5,112.9,50.9,33.4
160,873,2023-24-Samford,2023-24,Samford,SoCon,53.0,AQ,74.0,74.0,213.0,201.0,27-5,18-3,2-9,5-8,260.0,261.0,0-2,2-00,3-10,15-0,27.0,5.0,0.84375,18.0,3.0,0.8571428571428570,2.0,9.0,0.1818181818181820,5.0,8.0,0.3846153846153850,0.0,2.0,0.0,2.0,0.0,1.0,3.0,10.0,0.2307692307692310,15.0,0.0,1.0,0.07,0.7315,111.7,102.4,50.0,30.2
161,875,2023-24-Colgate,2023-24,Colgate,Patriot,58.0,AQ,125.0,125.0,323.0,244.0,24-9,19-2,7-5,5-10,270.0,41.0,0-2,3-1,1-2,21-3,24.0,9.0,0.7272727272727270,19.0,2.0,0.9047619047619050,7.0,5.0,0.5833333333333330,5.0,10.0,0.3333333333333330,0.0,2.0,0.0,3.0,1.0,0.75,1.0,2.0,0.3333333333333330,21.0,3.0,0.875,-4.1,0.5128,102.3,101.8,47.2,25.0
162,877,2023-24-Yale,2023-24,Yale,Ivy League,52.0,AQ,83.0,81.0,128.0,164.0,20-9,13-3,6-7,6-9,134.0,92.0,0-3,2-3,2-10,2-7,20.0,9.0,0.6896551724137930,13.0,3.0,0.8125,6.0,7.0,0.4615384615384620,6.0,9.0,0.4,0.0,3.0,0.0,2.0,3.0,0.4,2.0,10.0,0.1666666666666670,2.0,7.0,0.2222222222222220,-2.5,0.7437,109.8,100.1,49.7,28.4
163,887,2023-24-Gonzaga,2023-24,Gonzaga,WCC,21.0,AL,17.0,17.0,119.0,156.0,24-7,15-3,4-9,2-8,91.0,20.0,6-3,1-4,5-00,12-00,24.0,7.0,0.7741935483870970,15.0,3.0,0.8333333333333330,4.0,9.0,0.3076923076923080,2.0,8.0,0.2,6.0,3.0,0.6666666666666670,1.0,4.0,0.2,5.0,0.0,1.0,12.0,0.0,1.0,2.5,0.9151,121.3,98.6,47.3,33.3
164,890,2023-24-NorthCarolina,2023-24,North Carolina,ACC,4.0,AL,8.0,8.0,13.0,91.0,27-7,19-4,3-8,2-8,32.0,25.0,3-9,4-7,6-00,5-00,27.0,7.0,0.7941176470588240,19.0,4.0,0.8260869565217390,3.0,8.0,0.2727272727272730,2.0,8.0,0.2,3.0,9.0,0.25,4.0,7.0,0.3636363636363640,6.0,0.0,1.0,5.0,0.0,1.0,6.6,0.9305,116.8,93.2,46.4,32.8
165,905,2023-24-Kentucky,2023-24,Kentucky,SEC,11.0,AL,18.0,19.0,59.0,111.0,23-9,13-6,3-10,3-7,56.0,173.0,7-6,1-2,1-8,7-00,23.0,9.0,0.71875,13.0,6.0,0.6842105263157900,3.0,10.0,0.2307692307692310,3.0,7.0,0.3,7.0,6.0,0.5384615384615380,1.0,2.0,0.3333333333333330,1.0,8.0,0.1111111111111110,7.0,0.0,1.0,2.9,0.8934,123.0,102.2,49.5,28.9
166,907,2023-24-Colorado,2023-24,Colorado,Pac-12,39.0,AL,25.0,25.0,55.0,109.0,24-10,15-8,2-9,7-4,81.0,262.0,5-4,5-6,7-00,7-00,24.0,10.0,0.7058823529411770,15.0,8.0,0.6521739130434780,2.0,9.0,0.1818181818181820,7.0,4.0,0.6363636363636360,5.0,4.0,0.5555555555555560,5.0,6.0,0.4545454545454550,7.0,0.0,1.0,7.0,0.0,1.0,1.7,0.8866,117.2,98.0,49.3,32.4
167,921,2023-24-SanDiegoSt.,2023-24,San Diego St.,Mountain West,18.0,AL,20.0,21.0,19.0,93.0,22-10,13-8,2-9,8-6,25.0,15.0,9-4,1-6,6-00,6-00,22.0,10.0,0.6875,13.0,8.0,0.6190476190476190,2.0,9.0,0.1818181818181820,8.0,6.0,0.5714285714285710,9.0,4.0,0.6923076923076920,1.0,6.0,0.1428571428571430,6.0,0.0,1.0,6.0,0.0,1.0,2.6,0.8789,111.5,93.9,47.2,32.7
168,923,2023-24-Duquesne,2023-24,Duquesne,Atlantic 10,46.0,AQ,80.0,83.0,85.0,124.0,23-11,14-8,3-9,6-5,96.0,181.0,3-2,5-6,3-5,10-00,23.0,11.0,0.6764705882352940,14.0,8.0,0.6363636363636360,3.0,9.0,0.25,6.0,5.0,0.5454545454545450,3.0,2.0,0.6,5.0,6.0,0.4545454545454550,3.0,5.0,0.375,10.0,0.0,1.0,-1.8,0.7612,106.3,96.1,48.0,29.9
169,925,2023-24-Kansas,2023-24,Kansas,Big 12,14.0,AL,19.0,20.0,7.0,84.0,21-10,9-10,1-11,7-3,2.0,36.0,9-7,6-00,1-4,4-00,21.0,10.0,0.6774193548387100,9.0,10.0,0.4736842105263160,1.0,11.0,0.0833333333333333,7.0,3.0,0.7,9.0,7.0,0.5625,6.0,0.0,1.0,1.0,4.0,0.2,4.0,0.0,1.0,4.3,0.9111,113.5,92.7,47.6,25.3
170,942,2023-24-Tennessee,2023-24,Tennessee,SEC,5.0,AL,7.0,7.0,9.0,87.0,24-8,14-5,3-10,3-8,10.0,16.0,7-8,1-5,6-00,5-00,24.0,8.0,0.75,14.0,5.0,0.7368421052631580,3.0,10.0,0.2307692307692310,3.0,8.0,0.2727272727272730,7.0,8.0,0.4666666666666670,1.0,5.0,0.1666666666666670,6.0,0.0,1.0,5.0,0.0,1.0,5.8,0.9382,115.6,91.2,45.4,32.4
171,945,2023-24-Creighton,2023-24,Creighton,Big East,10.0,AL,11.0,11.0,47.0,105.0,23-9,14-7,2-9,5-8,27.0,58.0,5-8,4-7,1-00,7-00,23.0,9.0,0.71875,14.0,7.0,0.6666666666666670,2.0,9.0,0.1818181818181820,5.0,8.0,0.3846153846153850,5.0,8.0,0.3846153846153850,4.0,7.0,0.3636363636363640,1.0,0.0,1.0,7.0,0.0,1.0,4.4,0.9289,120.6,96.5,46.4,25.9
172,947,2023-24-UAB,2023-24,UAB,The American,50.0,AQ,104.0,105.0,98.0,137.0,22-11,15-6,5-7,5-7,114.0,206.0,0-4,3-7,2-9,2-6,22.0,11.0,0.6666666666666670,15.0,6.0,0.7142857142857140,5.0,7.0,0.4166666666666670,5.0,7.0,0.4166666666666670,0.0,4.0,0.0,3.0,7.0,0.3,2.0,9.0,0.1818181818181820,2.0,6.0,0.25,-2.7,0.6634,112.7,106.3,51.0,35.3
173,958,2023-24-Col.ofCharleston,2023-24,Col. of Charleston,CAA,54.0,AQ,97.0,97.0,200.0,198.0,26-7,18-3,4-8,2-10,268.0,253.0,0-1,2-1,4-11,14-0,26.0,7.0,0.7878787878787880,18.0,3.0,0.8571428571428570,4.0,8.0,0.3333333333333330,2.0,10.0,0.1666666666666670,0.0,1.0,0.0,2.0,1.0,0.6666666666666670,4.0,11.0,0.2666666666666670,14.0,0.0,1.0,-1.6,0.7019,113.3,105.2,50.6,33.5
174,964,2023-24-MichiganSt.,2023-24,Michigan St.,Big Ten,33.0,AL,24.0,24.0,7.0,84.0,19-14,11-11,3-8,7-3,14.0,44.0,9-3,5-6,6-00,4-00,19.0,14.0,0.5757575757575760,11.0,11.0,0.5,3.0,8.0,0.2727272727272730,7.0,3.0,0.7,9.0,3.0,0.75,5.0,6.0,0.4545454545454550,6.0,0.0,1.0,4.0,0.0,1.0,0.21,0.8983,112.7,93.3,48.0,29.9
175,965,2023-24-UtahSt.,2023-24,Utah St.,Mountain West,30.0,AL,38.0,38.0,92.0,132.0,25-6,15-5,1-10,4-8,90.0,198.0,5-4,1-4,7-00,10-00,25.0,6.0,0.8064516129032260,15.0,5.0,0.75,1.0,10.0,0.0909090909090909,4.0,8.0,0.3333333333333330,5.0,4.0,0.5555555555555560,1.0,4.0,0.2,7.0,0.0,1.0,10.0,0.0,1.0,3.3,0.8144,114.1,100.4,49.6,28.5
176,973,2023-24-Oakland,2023-24,Oakland,Horizon,55.0,AQ,126.0,126.0,181.0,191.0,23-11,18-5,6-5,7-9,157.0,14.0,5-1,1-00,6-7,14-0,23.0,11.0,0.6764705882352940,18.0,5.0,0.782608695652174,6.0,5.0,0.5454545454545450,7.0,9.0,0.4375,5.0,1.0,0.8333333333333330,1.0,0.0,1.0,6.0,7.0,0.4615384615384620,14.0,0.0,1.0,-4.2,0.5853,107.8,104.6,50.6,30.6
177,987,2023-24-Fla.Atlantic,2023-24,Fla. Atlantic,The American,31.0,AL,39.0,39.0,90.0,131.0,25-8,15-5,3-10,5-5,99.0,51.0,2-2,3-8,1-8,2-7,25.0,8.0,0.7575757575757580,15.0,5.0,0.75,3.0,10.0,0.2307692307692310,5.0,5.0,0.5,2.0,2.0,0.5,3.0,8.0,0.2727272727272730,1.0,8.0,0.1111111111111110,2.0,7.0,0.2222222222222220,1.2,0.817,117.3,103.0,49.7,33.8
178,988,2023-24-BYU,2023-24,BYU,Big 12,17.0,AL,12.0,12.0,59.0,111.0,23-10,9-11,1-12,7-3,40.0,293.0,8-6,2-5,4-00,8-00,23.0,10.0,0.696969696969697,9.0,11.0,0.45,1.0,12.0,0.0769230769230769,7.0,3.0,0.7,8.0,6.0,0.5714285714285710,2.0,5.0,0.2857142857142860,4.0,0.0,1.0,8.0,0.0,1.0,2.9,0.9067,120.6,99.0,48.0,32.8
179,993,2023-24-Wagner,2023-24,Wagner,NEC,68.0,AQ,290.0,290.0,355.0,268.0,14-15,9-10,6-4,10-9,351.0,226.0,0-2,0-0,3-3,10-11,14.0,15.0,0.4827586206896550,9.0,10.0,0.4736842105263160,6.0,4.0,0.6,10.0,9.0,0.5263157894736840,0.0,2.0,0.0,0.0,0.0,0.0,3.0,3.0,0.5,10.0,11.0,0.4761904761904760,-11.7,0.2399,95.0,105.0,48.4,29.5
180,1005,2023-24-Purdue,2023-24,Purdue,Big Ten,3.0,AL,3.0,3.0,2.0,74.0,29-4,18-4,11-00,3-7,8.0,9.0,4-12,8-00,6-00,3-00,29.0,4.0,0.8787878787878790,18.0,4.0,0.8181818181818180,11.0,0.0,1.0,3.0,7.0,0.3,4.0,12.0,0.25,8.0,0.0,1.0,6.0,0.0,1.0,3.0,0.0,1.0,11.0,0.9644,126.2,94.7,47.7,37.4
181,1011,2023-24-Grambling,2023-24,Grambling,SWAC,66.0,AQ,279.0,279.0,323.0,244.0,17-14,17-4,0-10,9-7,169.0,2.0,0-6,0-0,0-2,17-6,17.0,14.0,0.5483870967741940,17.0,4.0,0.8095238095238100,0.0,10.0,0.0,9.0,7.0,0.5625,0.0,6.0,0.0,0.0,0.0,0.0,0.0,2.0,0.0,17.0,6.0,0.7391304347826090,-8.0,0.2805,97.7,106.0,49.1,28.1
182,1012,2023-24-Stetson,2023-24,Stetson,ASUN,64.0,AQ,209.0,209.0,272.0,223.0,19-12,14-5,7-5,10-6,243.0,62.0,2-1,0-2,1-00,17-8,19.0,12.0,0.6129032258064520,14.0,5.0,0.7368421052631580,7.0,5.0,0.5833333333333330,10.0,6.0,0.625,2.0,1.0,0.6666666666666670,0.0,2.0,0.0,1.0,0.0,1.0,17.0,8.0,0.68,-6.8,0.3559,108.3,114.0,52.0,27.5
183,1017,2023-24-Texas,2023-24,Texas,Big 12,27.0,AL,30.0,30.0,36.0,103.0,20-12,10-9,2-11,6-4,17.0,208.0,9-5,2-3,1-5,7-00,20.0,12.0,0.625,10.0,9.0,0.5263157894736840,2.0,11.0,0.1538461538461540,6.0,4.0,0.6,9.0,5.0,0.6428571428571430,2.0,3.0,0.4,1.0,5.0,0.1666666666666670,7.0,0.0,1.0,1.2,0.9006,119.0,98.3,49.0,30.5
184,1020,2023-24-Akron,2023-24,Akron,MAC,56.0,AQ,108.0,108.0,200.0,198.0,22-10,16-5,5-6,6-7,212.0,59.0,0-3,3-2,2-6,14-2,22.0,10.0,0.6875,16.0,5.0,0.7619047619047620,5.0,6.0,0.4545454545454550,6.0,7.0,0.4615384615384620,0.0,3.0,0.0,3.0,2.0,0.6,2.0,6.0,0.25,14.0,2.0,0.875,-4.5,0.5953,105.0,101.6,48.6,29.5
185,1026,2023-24-TexasA&M,2023-24,Texas A&M,SEC,34.0,AL,45.0,45.0,36.0,103.0,20-14,10-11,4-9,6-6,18.0,21.0,7-7,3-6,4-2,5-00,20.0,14.0,0.5882352941176470,10.0,11.0,0.4761904761904760,4.0,9.0,0.3076923076923080,6.0,6.0,0.5,7.0,7.0,0.5,3.0,6.0,0.3333333333333330,4.0,2.0,0.6666666666666670,5.0,0.0,1.0,0.25,0.8499,115.0,98.9,50.1,41.9
186,1034,2023-24-Illinois,2023-24,Illinois,Big Ten,12.0,AQ,13.0,15.0,27.0,98.0,26-8,17-6,2-9,5-6,35.0,150.0,6-8,1-6,1-7,5-00,26.0,8.0,0.7647058823529410,17.0,6.0,0.7391304347826090,2.0,9.0,0.1818181818181820,5.0,6.0,0.4545454545454550,6.0,8.0,0.4285714285714290,1.0,6.0,0.1428571428571430,1.0,7.0,0.125,5.0,0.0,1.0,6.0,0.9221,125.3,101.1,48.0,36.2
187,1035,2023-24-ColoradoSt.,2023-24,Colorado St.,Mountain West,44.0,AL,36.0,36.0,48.0,106.0,22-10,9-12,1-10,7-4,60.0,82.0,7-6,2-3,1-7,6-00,22.0,10.0,0.6875,9.0,12.0,0.4285714285714290,1.0,10.0,0.0909090909090909,7.0,4.0,0.6363636363636360,7.0,6.0,0.5384615384615380,2.0,3.0,0.4,1.0,7.0,0.125,6.0,0.0,1.0,1.5,0.846,113.8,98.1,49.3,24.3
188,1036,2023-24-Florida,2023-24,Florida,SEC,25.0,AL,29.0,26.0,34.0,102.0,24-11,14-8,3-10,7-3,30.0,107.0,8-6,2-4,1-9,5-00,24.0,11.0,0.6857142857142860,14.0,8.0,0.6363636363636360,3.0,10.0,0.2307692307692310,7.0,3.0,0.7,8.0,6.0,0.5714285714285710,2.0,4.0,0.3333333333333330,1.0,9.0,0.1,5.0,0.0,1.0,3.0,0.8951,119.7,99.3,48.8,37.5
189,1045,2023-24-JamesMadison,2023-24,James Madison,Sun Belt,48.0,AQ,52.0,52.0,293.0,230.0,30-3,18-3,12-00,2-12,320.0,331.0,1-1,0-1,1-7,22-0,30.0,3.0,0.9090909090909090,18.0,3.0,0.8571428571428570,12.0,0.0,1.0,2.0,12.0,0.1428571428571430,1.0,1.0,0.5,0.0,1.0,0.0,1.0,7.0,0.125,22.0,0.0,1.0,1.5,0.778,112.0,100.4,46.7,32.0
190,1052,2023-24-TCU,2023-24,TCU,Big 12,35.0,AL,42.0,42.0,80.0,120.0,21-12,10-10,2-11,5-6,26.0,328.0,11-5,1-3,5-00,8-00,21.0,12.0,0.6363636363636360,10.0,10.0,0.5,2.0,11.0,0.1538461538461540,5.0,6.0,0.4545454545454550,11.0,5.0,0.6875,1.0,3.0,0.25,5.0,0.0,1.0,8.0,0.0,1.0,1.3,0.869,114.5,97.1,50.3,35.5
191,1057,2023-24-TexasTech,2023-24,Texas Tech,Big 12,23.0,AL,27.0,28.0,30.0,100.0,23-10,8-12,2-11,6-4,29.0,311.0,9-6,1-4,6-00,7-00,23.0,10.0,0.696969696969697,8.0,12.0,0.4,2.0,11.0,0.1538461538461540,6.0,4.0,0.6,9.0,6.0,0.6,1.0,4.0,0.2,6.0,0.0,1.0,7.0,0.0,1.0,3.4,0.8846,117.5,98.4,49.1,30.2
192,1062,2023-24-Auburn,2023-24,Auburn,SEC,15.0,AQ,5.0,5.0,36.0,103.0,27-7,16-5,2-11,5-5,64.0,171.0,7-3,10-00,9-00,5-00,27.0,7.0,0.7941176470588240,16.0,5.0,0.7619047619047620,2.0,11.0,0.1538461538461540,5.0,5.0,0.5,7.0,3.0,0.7,10.0,0.0,1.0,9.0,0.0,1.0,5.0,0.0,1.0,5.5,0.9573,120.7,92.1,43.4,32.9
193,1063,2023-24-Houston,2023-24,Houston,Big 12,2.0,AL,1.0,1.0,10.0,88.0,30-4,17-4,13-0,3-7,11.0,194.0,16-4,3-00,4-00,7-00,30.0,4.0,0.8823529411764710,17.0,4.0,0.8095238095238100,13.0,0.0,1.0,3.0,7.0,0.3,16.0,4.0,0.8,3.0,0.0,1.0,4.0,0.0,1.0,7.0,0.0,1.0,10.6,0.9785,119.2,85.5,44.0,36.9
194,1074,2023-24-Nebraska,2023-24,Nebraska,Big Ten,29.0,AL,33.0,33.0,59.0,111.0,23-10,13-9,1-10,8-3,67.0,301.0,7-4,3-5,7-00,7-00,23.0,10.0,0.696969696969697,13.0,9.0,0.5909090909090910,1.0,10.0,0.0909090909090909,8.0,3.0,0.7272727272727270,7.0,4.0,0.6363636363636360,3.0,5.0,0.375,7.0,0.0,1.0,7.0,0.0,1.0,2.4,0.8999,115.7,95.6,46.3,27.8
249,1081,2024-25-MississippiSt.,2024-25,Mississippi St.,SEC,32.0,AL,34.0,34.0,22.0,86.0,21-12,11-9,1-12,5-6,15.0,128.0,10-7,2-6,2-00,6-00,21.0,12.0,0.6363636363636360,11.0,9.0,0.55,1.0,12.0,0.0769230769230769,5.0,6.0,0.4545454545454550,10.0,7.0,0.5882352941176470,2.0,6.0,0.25,2.0,0.0,1.0,6.0,0.0,1.0,3.0,0.8888,118.3,98.8,51.9,34.1
250,1082,2024-25-Missouri,2024-25,Missouri,SEC,23.0,AL,16.0,16.0,55.0,105.0,22-11,9-11,2-11,7-3,20.0,226.0,11-7,3-00,4-00,8-00,22.0,11.0,0.6666666666666670,9.0,11.0,0.45,2.0,11.0,0.1538461538461540,7.0,3.0,0.7,11.0,7.0,0.6111111111111110,3.0,0.0,1.0,4.0,0.0,1.0,8.0,0.0,1.0,3.0,0.9344,127.0,100.0,50.7,33.7
251,1084,2024-25-McNeese,2024-25,McNeese,Southland,49.0,AQ,58.0,58.0,195.0,201.0,25-6,21-1,5-4,2-10,218.0,44.0,0-2,2-1,2-6,18-0,25.0,6.0,0.8064516129032260,21.0,1.0,0.9545454545454550,5.0,4.0,0.5555555555555560,2.0,10.0,0.1666666666666670,0.0,2.0,0.0,2.0,1.0,0.6666666666666670,2.0,6.0,0.25,18.0,0.0,1.0,-0.9,0.7962,113.4,100.7,47.5,34.7
252,1091,2024-25-Arkansas,2024-25,Arkansas,SEC,37.0,AL,40.0,40.0,38.0,96.0,20-13,11-9,2-11,6-4,23.0,174.0,10-5,3-4,4-00,7-00,20.0,13.0,0.6060606060606060,11.0,9.0,0.55,2.0,11.0,0.1538461538461540,6.0,4.0,0.6,10.0,5.0,0.6666666666666670,3.0,4.0,0.4285714285714290,4.0,0.0,1.0,7.0,0.0,1.0,1.2,0.8616,111.9,95.4,48.3,27.6
253,1093,2024-25-Drake,2024-25,Drake,MVC,44.0,AQ,56.0,56.0,138.0,169.0,28-3,20-3,8-00,1-10,201.0,258.0,2-00,4-00,3-11,11-00,28.0,3.0,0.9032258064516130,20.0,3.0,0.8695652173913040,8.0,0.0,1.0,1.0,10.0,0.0909090909090909,2.0,0.0,1.0,4.0,0.0,1.0,3.0,11.0,0.2142857142857140,11.0,0.0,1.0,2.3,0.8229,112.5,98.5,51.7,36.0
254,1096,2024-25-Duke,2024-25,Duke,ACC,2.0,AQ,1.0,1.0,44.0,100.0,31-3,22-1,2-9,1-10,57.0,11.0,3-9,7-00,10-00,5-00,31.0,3.0,0.9117647058823530,22.0,1.0,0.9565217391304350,2.0,9.0,0.1818181818181820,1.0,10.0,0.0909090909090909,3.0,9.0,0.25,7.0,0.0,1.0,10.0,0.0,1.0,5.0,0.0,1.0,9.6,0.9807,128.5,91.3,44.5,35.2
255,1097,2024-25-American,2024-25,American,Patriot,65.0,AQ,226.0,226.0,314.0,243.0,20-12,16-5,7-4,10-5,324.0,169.0,0-1,0-3,2-1,19-6,20.0,12.0,0.625,16.0,5.0,0.7619047619047620,7.0,4.0,0.6363636363636360,10.0,5.0,0.6666666666666670,0.0,1.0,0.0,0.0,3.0,0.0,2.0,1.0,0.6666666666666670,19.0,6.0,0.76,-8.3,0.3354,101.2,107.4,52.1,23.8
256,1099,2024-25-UNCW,2024-25,UNCW,CAA,57.0,AQ,102.0,102.0,251.0,212.0,25-7,17-4,3-8,4-9,329.0,321.0,0-1,0-0,3-8,17-3,25.0,7.0,0.78125,17.0,4.0,0.8095238095238100,3.0,8.0,0.2727272727272730,4.0,9.0,0.3076923076923080,0.0,1.0,0.0,0.0,0.0,0.0,3.0,8.0,0.2727272727272730,17.0,3.0,0.85,-3.3,0.639,112.2,106.8,50.9,35.4
257,1100,2024-25-Maryland,2024-25,Maryland,Big Ten,15.0,AL,10.0,10.0,59.0,109.0,25-8,15-7,1-10,5-5,52.0,327.0,7-8,1-6,3-00,8-00,25.0,8.0,0.7575757575757580,15.0,7.0,0.6818181818181820,1.0,10.0,0.0909090909090909,5.0,5.0,0.5,7.0,8.0,0.4666666666666670,1.0,6.0,0.1428571428571430,3.0,0.0,1.0,8.0,0.0,1.0,4.6,0.9449,117.8,92.0,47.0,31.0
258,1110,2024-25-Marquette,2024-25,Marquette,Big East,26.0,AL,26.0,26.0,33.0,93.0,23-10,14-8,2-9,6-7,40.0,14.0,8-6,2-7,5-00,5-00,23.0,10.0,0.696969696969697,14.0,8.0,0.6363636363636360,2.0,9.0,0.1818181818181820,6.0,7.0,0.4615384615384620,8.0,6.0,0.5714285714285710,2.0,7.0,0.2222222222222220,5.0,0.0,1.0,5.0,0.0,1.0,3.6,0.8983,116.7,96.5,49.9,30.1
259,1112,2024-25-Oklahoma,2024-25,Oklahoma,SEC,36.0,AL,43.0,43.0,41.0,97.0,20-13,13-7,13-0,7-2,11.0,143.0,11-7,1-4,1-2,7-00,20.0,13.0,0.6060606060606060,13.0,7.0,0.65,13.0,0.0,1.0,7.0,2.0,0.7777777777777780,11.0,7.0,0.6111111111111110,1.0,4.0,0.2,1.0,2.0,0.3333333333333330,7.0,0.0,1.0,2.1,0.8549,117.7,100.9,51.1,26.5
260,1117,2024-25-Michigan,2024-25,Michigan,Big Ten,17.0,AQ,23.0,25.0,5.0,69.0,25-9,17-6,3-8,3-7,22.0,127.0,7-12,2-4,7-00,2-00,25.0,9.0,0.7352941176470590,17.0,6.0,0.7391304347826090,3.0,8.0,0.2727272727272730,3.0,7.0,0.3,7.0,12.0,0.3684210526315790,2.0,4.0,0.3333333333333330,7.0,0.0,1.0,2.0,0.0,1.0,6.2,0.9072,115.1,94.4,46.3,33.2
261,1122,2024-25-VCU,2024-25,VCU,Atlantic 10,45.0,AQ,31.0,31.0,113.0,159.0,27-6,18-3,3-9,3-7,131.0,275.0,1-2,4-6,6-00,13-1,27.0,6.0,0.8181818181818180,18.0,3.0,0.8571428571428570,3.0,9.0,0.25,3.0,7.0,0.3,1.0,2.0,0.3333333333333330,4.0,6.0,0.4,6.0,0.0,1.0,13.0,1.0,0.9285714285714290,1.1,0.9002,116.2,96.0,44.4,36.7
262,1126,2024-25-Akron,2024-25,Akron,MAC,53.0,AQ,91.0,91.0,256.0,214.0,26-6,20-1,5-6,4-8,298.0,191.0,0-1,2-1,3-7,18-0,26.0,6.0,0.8125,20.0,1.0,0.9523809523809520,5.0,6.0,0.4545454545454550,4.0,8.0,0.3333333333333330,0.0,1.0,0.0,2.0,1.0,0.6666666666666670,3.0,7.0,0.3,18.0,0.0,1.0,-1.8,0.6717,113.7,106.8,49.5,33.3
263,1128,2024-25-Alabama,2024-25,Alabama,SEC,6.0,AL,6.0,6.0,1.0,50.0,25-8,14-6,2-11,3-9,1.0,9.0,8-11,8-00,4-00,2-00,25.0,8.0,0.7575757575757580,14.0,6.0,0.7,2.0,11.0,0.1538461538461540,3.0,9.0,0.25,8.0,11.0,0.4210526315789470,8.0,0.0,1.0,4.0,0.0,1.0,2.0,0.0,1.0,9.8,0.9621,127.6,96.4,47.9,34.7
264,1137,2024-25-Florida,2024-25,Florida,SEC,4.0,AQ,4.0,4.0,26.0,88.0,30-4,17-4,13-0,3-7,18.0,261.0,4-11,9-00,4-00,6-00,30.0,4.0,0.8823529411764710,17.0,4.0,0.8095238095238100,13.0,0.0,1.0,3.0,7.0,0.3,4.0,11.0,0.2666666666666670,9.0,0.0,1.0,4.0,0.0,1.0,6.0,0.0,1.0,11.1,0.9713,127.7,94.0,45.3,38.1
265,1143,2024-25-ColoradoSt.,2024-25,Colorado St.,Mountain West,48.0,AQ,47.0,47.0,82.0,131.0,25-9,19-4,5-6,4-7,85.0,139.0,5-3,2-7,2-4,11-00,25.0,9.0,0.7352941176470590,19.0,4.0,0.8260869565217390,5.0,6.0,0.4545454545454550,4.0,7.0,0.3636363636363640,5.0,3.0,0.625,2.0,7.0,0.2222222222222220,2.0,4.0,0.3333333333333330,11.0,0.0,1.0,0.9,0.8761,116.9,98.6,48.5,26.4
266,1144,2024-25-SaintFrancis,2024-25,Saint Francis,NEC,68.0,AQ,297.0,297.0,314.0,243.0,13-17,8-11,9-2,13-6,207.0,40.0,0-4,0-1,3-2,9-11,13.0,17.0,0.4333333333333330,8.0,11.0,0.4210526315789470,9.0,2.0,0.8181818181818180,13.0,6.0,0.6842105263157900,0.0,4.0,0.0,0.0,1.0,0.0,3.0,2.0,0.6,9.0,11.0,0.45,-12.2,0.2114,99.9,112.0,51.3,25.4
267,1159,2024-25-Illinois,2024-25,Illinois,Big Ten,22.0,AL,17.0,17.0,17.0,83.0,21-12,13-9,3-8,5-5,10.0,22.0,10-8,2-7,0-0,6-00,21.0,12.0,0.6363636363636360,13.0,9.0,0.5909090909090910,3.0,8.0,0.2727272727272730,5.0,5.0,0.5,10.0,8.0,0.5555555555555560,2.0,7.0,0.2222222222222220,0.0,0.0,0.0,6.0,0.0,1.0,3.4,0.9228,122.2,98.5,47.3,36.0
268,1162,2024-25-Gonzaga,2024-25,Gonzaga,WCC,30.0,AQ,8.0,8.0,76.0,127.0,25-8,16-4,4-9,2-8,74.0,29.0,5-5,3-5,5-00,10-00,25.0,8.0,0.7575757575757580,16.0,4.0,0.8,4.0,9.0,0.3076923076923080,2.0,8.0,0.2,5.0,5.0,0.5,3.0,5.0,0.375,5.0,0.0,1.0,10.0,0.0,1.0,2.7,0.9441,123.3,96.4,47.5,32.7
269,1176,2024-25-Bryant,2024-25,Bryant,America East,62.0,AQ,141.0,141.0,314.0,243.0,21-11,17-2,9-4,7-10,312.0,193.0,0-1,0-3,2-3,18-5,21.0,11.0,0.65625,17.0,2.0,0.8947368421052630,9.0,4.0,0.6923076923076920,7.0,10.0,0.4117647058823530,0.0,1.0,0.0,0.0,3.0,0.0,2.0,3.0,0.4,18.0,5.0,0.782608695652174,-7.1,0.5112,105.8,105.3,47.7,34.2
270,1177,2024-25-TexasA&M,2024-25,Texas A&M,SEC,13.0,AL,18.0,18.0,7.0,72.0,22-10,8-11,2-11,5-5,7.0,36.0,9-7,1-9,1-00,5-00,22.0,10.0,0.6875,8.0,11.0,0.4210526315789470,2.0,11.0,0.1538461538461540,5.0,5.0,0.5,9.0,7.0,0.5625,1.0,9.0,0.1,1.0,0.0,1.0,5.0,0.0,1.0,5.2,0.9237,115.7,93.1,48.2,42.0
271,1179,2024-25-BYU,2024-25,BYU,Big 12,21.0,AL,25.0,24.0,50.0,102.0,24-9,15-7,2-9,5-6,45.0,313.0,7-8,2-6,4-00,6-00,24.0,9.0,0.7272727272727270,15.0,7.0,0.6818181818181820,2.0,9.0,0.1818181818181820,5.0,6.0,0.4545454545454550,7.0,8.0,0.4666666666666670,2.0,6.0,0.25,4.0,0.0,1.0,6.0,0.0,1.0,4.8,0.9377,125.4,99.1,50.6,33.3
272,1193,2024-25-Kansas,2024-25,Kansas,Big 12,28.0,AL,20.0,20.0,4.0,68.0,21-12,10-12,2-9,8-4,12.0,19.0,11-6,1-7,5-00,3-00,21.0,12.0,0.6363636363636360,10.0,12.0,0.4545454545454550,2.0,9.0,0.1818181818181820,8.0,4.0,0.6666666666666670,11.0,6.0,0.6470588235294120,1.0,7.0,0.125,5.0,0.0,1.0,3.0,0.0,1.0,4.1,0.9274,116.1,93.0,46.2,30.4
273,1197,2024-25-Purdue,2024-25,Purdue,Big Ten,14.0,AL,19.0,19.0,3.0,66.0,22-11,14-8,3-8,6-5,13.0,10.0,10-7,1-9,2-00,4-00,22.0,11.0,0.6666666666666670,14.0,8.0,0.6363636363636360,3.0,8.0,0.2727272727272730,6.0,5.0,0.5454545454545450,10.0,7.0,0.5882352941176470,1.0,9.0,0.1,2.0,0.0,1.0,4.0,0.0,1.0,4.3,0.9289,125.0,100.0,52.0,31.0
274,1202,2024-25-UConn,2024-25,UConn,Big East,31.0,AL,32.0,32.0,59.0,109.0,23-10,15-7,3-8,4-7,54.0,63.0,6-6,3-7,1-4,6-00,23.0,10.0,0.696969696969697,15.0,7.0,0.6818181818181820,3.0,8.0,0.2727272727272730,4.0,7.0,0.3636363636363640,6.0,6.0,0.5,3.0,7.0,0.3,1.0,4.0,0.2,6.0,0.0,1.0,2.2,0.8829,121.6,102.0,48.3,35.6
275,1203,2024-25-UtahSt.,2024-25,Utah St.,Mountain West,40.0,AL,37.0,37.0,89.0,135.0,25-7,16-6,1-9,4-7,86.0,105.0,4-2,3-8,5-00,10-00,25.0,7.0,0.78125,16.0,6.0,0.7272727272727270,1.0,9.0,0.1,4.0,7.0,0.3636363636363640,4.0,2.0,0.6666666666666670,3.0,8.0,0.2727272727272730,5.0,0.0,1.0,10.0,0.0,1.0,2.3,0.8528,122.6,105.2,51.8,34.6
276,1211,2024-25-Liberty,2024-25,Liberty,CUSA,50.0,AQ,60.0,60.0,135.0,168.0,25-6,16-5,1-9,2-9,222.0,294.0,0-0,2-3,14-4,8-00,25.0,6.0,0.8064516129032260,16.0,5.0,0.7619047619047620,1.0,9.0,0.1,2.0,9.0,0.1818181818181820,0.0,0.0,0.0,2.0,3.0,0.4,14.0,4.0,0.7777777777777780,8.0,0.0,1.0,-0.3,0.8308,112.8,98.2,45.9,18.9
277,1214,2024-25-TexasTech,2024-25,Texas Tech,Big 12,9.0,AL,7.0,7.0,35.0,94.0,25-8,16-6,2-9,2-8,47.0,296.0,5-10,3-3,6-00,6-00,25.0,8.0,0.7575757575757580,16.0,6.0,0.7272727272727270,2.0,9.0,0.1818181818181820,2.0,8.0,0.2,5.0,10.0,0.3333333333333330,3.0,3.0,0.5,6.0,0.0,1.0,6.0,0.0,1.0,5.8,0.9546,126.0,96.7,48.0,34.3
278,1217,2024-25-MichiganSt.,2024-25,Michigan St.,Big Ten,7.0,AL,11.0,11.0,18.0,84.0,27-6,18-4,2-9,2-8,31.0,133.0,13-5,1-5,5-00,4-00,27.0,6.0,0.8181818181818180,18.0,4.0,0.8181818181818180,2.0,9.0,0.1818181818181820,2.0,8.0,0.2,13.0,5.0,0.7222222222222220,1.0,5.0,0.1666666666666670,5.0,0.0,1.0,4.0,0.0,1.0,7.8,0.941,116.8,91.8,46.1,35.3
279,1220,2024-25-HighPoint,2024-25,High Point,Big South,52.0,AQ,82.0,82.0,279.0,222.0,27-5,17-2,3-10,3-7,354.0,356.0,0-0,1-00,3-8,18-2,27.0,5.0,0.84375,17.0,2.0,0.8947368421052630,3.0,10.0,0.2307692307692310,3.0,7.0,0.3,0.0,0.0,0.0,1.0,0.0,1.0,3.0,8.0,0.2727272727272730,18.0,2.0,0.9,-1.8,0.7262,117.7,108.1,49.1,34.0
280,1223,2024-25-NorfolkSt.,2024-25,Norfolk St.,MEAC,63.0,AQ,183.0,183.0,329.0,250.0,21-10,14-3,7-7,9-8,245.0,100.0,0-2,2-1,3-4,16-3,21.0,10.0,0.6774193548387100,14.0,3.0,0.8235294117647060,7.0,7.0,0.5,9.0,8.0,0.5294117647058820,0.0,2.0,0.0,2.0,1.0,0.6666666666666670,3.0,4.0,0.4285714285714290,16.0,3.0,0.8421052631578950,-5.3,0.4254,106.2,109.0,49.7,32.8
281,1237,2024-25-Louisville,2024-25,Louisville,ACC,29.0,AL,24.0,23.0,45.0,101.0,27-7,20-3,4-7,2-9,58.0,31.0,6-4,1-11,7-00,5-00,27.0,7.0,0.7941176470588240,20.0,3.0,0.8695652173913040,4.0,7.0,0.3636363636363640,2.0,9.0,0.1818181818181820,6.0,4.0,0.6,1.0,11.0,0.0833333333333333,7.0,0.0,1.0,5.0,0.0,1.0,5.5,0.9288,118.3,94.7,49.2,32.2
282,1238,2024-25-Creighton,2024-25,Creighton,Big East,33.0,AL,38.0,38.0,33.0,93.0,24-10,17-6,4-7,5-6,53.0,50.0,6-6,4-5,8-00,5-00,24.0,10.0,0.7058823529411770,17.0,6.0,0.7391304347826090,4.0,7.0,0.3636363636363640,5.0,6.0,0.4545454545454550,6.0,6.0,0.5,4.0,5.0,0.4444444444444440,8.0,0.0,1.0,5.0,0.0,1.0,3.1,0.8852,117.3,98.2,47.0,26.9
283,1260,2024-25-Texas,2024-25,Texas,SEC,41.0,AL,39.0,39.0,45.0,101.0,19-15,13-8,2-11,6-4,16.0,286.0,10-7,5-3,2-00,7-00,19.0,15.0,0.5588235294117650,13.0,8.0,0.6190476190476190,2.0,11.0,0.1538461538461540,6.0,4.0,0.6,10.0,7.0,0.5882352941176470,5.0,3.0,0.625,2.0,0.0,1.0,7.0,0.0,1.0,0.04,0.8524,116.7,100.2,48.4,29.8
284,1261,2024-25-Arizona,2024-25,Arizona,Big 12,16.0,AL,12.0,12.0,9.0,74.0,22-12,16-7,5-6,5-6,4.0,34.0,11-10,1-4,4-00,4-00,22.0,12.0,0.6470588235294120,16.0,7.0,0.6956521739130440,5.0,6.0,0.4545454545454550,5.0,6.0,0.4545454545454550,11.0,10.0,0.5238095238095240,1.0,4.0,0.2,4.0,0.0,1.0,4.0,0.0,1.0,5.4,0.9469,123.9,96.5,48.6,35.9
285,1278,2024-25-Houston,2024-25,Houston,Big 12,3.0,AQ,3.0,3.0,12.0,77.0,30-4,22-1,3-8,10-00,25.0,73.0,14-3,1-6,5-00,5-00,30.0,4.0,0.8823529411764710,22.0,1.0,0.9565217391304350,3.0,8.0,0.2727272727272730,10.0,0.0,1.0,14.0,3.0,0.8235294117647060,1.0,6.0,0.1428571428571430,5.0,0.0,1.0,5.0,0.0,1.0,11.6,0.9823,124.8,88.0,44.9,36.1
286,1290,2024-25-Baylor,2024-25,Baylor,Big 12,35.0,AL,30.0,30.0,9.0,74.0,18-14,11-11,3-7,9-3,8.0,12.0,12-5,1-7,1-1,5-00,18.0,14.0,0.5625,11.0,11.0,0.5,3.0,7.0,0.3,9.0,3.0,0.75,12.0,5.0,0.7058823529411770,1.0,7.0,0.125,1.0,1.0,0.5,5.0,0.0,1.0,2.0,0.9027,120.5,99.3,51.2,35.6
287,1291,2024-25-Lipscomb,2024-25,Lipscomb,ASUN,55.0,AQ,84.0,84.0,265.0,216.0,23-9,17-4,5-6,6-10,253.0,98.0,0-2,2-1,3-6,16-2,23.0,9.0,0.71875,17.0,4.0,0.8095238095238100,5.0,6.0,0.4545454545454550,6.0,10.0,0.375,0.0,2.0,0.0,2.0,1.0,0.6666666666666670,3.0,6.0,0.3333333333333330,16.0,2.0,0.8888888888888890,-4.1,0.6716,110.7,104.0,48.6,24.0
288,1299,2024-25-Xavier,2024-25,Xavier,Big East,42.0,AL,45.0,45.0,61.0,110.0,21-11,13-8,3-8,7-5,59.0,144.0,9-1,2-8,5-00,7-00,21.0,11.0,0.65625,13.0,8.0,0.6190476190476190,3.0,8.0,0.2727272727272730,7.0,5.0,0.5833333333333330,9.0,1.0,0.9,2.0,8.0,0.2,5.0,0.0,1.0,7.0,0.0,1.0,0.35,0.8797,116.3,97.8,50.6,25.2
289,1306,2024-25-Omaha,2024-25,Omaha,Summit League,61.0,AQ,160.0,160.0,217.0,205.0,20-12,16-3,9-4,9-7,233.0,182.0,0-1,0-6,1-6,14-4,20.0,12.0,0.625,16.0,3.0,0.8421052631578950,9.0,4.0,0.6923076923076920,9.0,7.0,0.5625,0.0,1.0,0.0,0.0,6.0,0.0,1.0,6.0,0.1428571428571430,14.0,4.0,0.7777777777777780,-6.5,0.5964,112.2,108.4,53.1,29.2
290,1307,2024-25-St.John's(NY),2024-25,St. John's (NY),Big East,8.0,AQ,13.0,13.0,45.0,101.0,30-4,21-2,2-9,2-8,65.0,167.0,4-6,11-00,7-00,6-00,30.0,4.0,0.8823529411764710,21.0,2.0,0.9130434782608700,2.0,9.0,0.1818181818181820,2.0,8.0,0.2,4.0,6.0,0.4,11.0,0.0,1.0,7.0,0.0,1.0,6.0,0.0,1.0,7.8,0.9364,112.6,89.1,46.6,37.3
291,1308,2024-25-NorthCarolina,2024-25,North Carolina,ACC,46.0,AL,36.0,36.0,35.0,94.0,22-13,15-8,5-7,6-6,42.0,5.0,12-1,8-00,1-7,6-00,22.0,13.0,0.6285714285714290,15.0,8.0,0.6521739130434780,5.0,7.0,0.4166666666666670,6.0,6.0,0.5,12.0,1.0,0.9230769230769230,8.0,0.0,1.0,1.0,7.0,0.125,6.0,0.0,1.0,1.4,0.8814,118.8,99.8,49.6,29.2
292,1309,2024-25-Oregon,2024-25,Oregon,Big Ten,19.0,AL,29.0,29.0,13.0,78.0,24-9,13-9,11-00,4-7,29.0,66.0,7-8,2-8,5-00,3-00,24.0,9.0,0.7272727272727270,13.0,9.0,0.5909090909090910,11.0,0.0,1.0,4.0,7.0,0.3636363636363640,7.0,8.0,0.4666666666666670,2.0,8.0,0.2,5.0,0.0,1.0,3.0,0.0,1.0,5.3,0.8744,115.1,97.3,49.1,30.6
293,1311,2024-25-Montana,2024-25,Montana,Big Sky,58.0,AQ,143.0,143.0,183.0,197.0,22-9,18-3,6-4,8-7,146.0,20.0,0-4,2-1,3-4,17-0,22.0,9.0,0.7096774193548390,18.0,3.0,0.8571428571428570,6.0,4.0,0.6,8.0,7.0,0.5333333333333330,0.0,4.0,0.0,2.0,1.0,0.6666666666666670,3.0,4.0,0.4285714285714290,17.0,0.0,1.0,-3.1,0.5779,112.0,109.0,52.2,22.6
294,1318,2024-25-SanDiegoSt.,2024-25,San Diego St.,Mountain West,43.0,AL,52.0,52.0,65.0,118.0,20-9,14-7,2-6,4-6,64.0,7.0,6-3,2-5,1-4,8-00,20.0,9.0,0.6896551724137930,14.0,7.0,0.6666666666666670,2.0,6.0,0.25,4.0,6.0,0.4,6.0,3.0,0.6666666666666670,2.0,5.0,0.2857142857142860,1.0,4.0,0.2,8.0,0.0,1.0,0.9,0.8388,108.9,94.3,45.3,29.4
295,1325,2024-25-NewMexico,2024-25,New Mexico,Mountain West,38.0,AL,42.0,42.0,82.0,131.0,25-7,18-4,3-7,4-7,80.0,61.0,4-3,1-8,2-4,10-00,25.0,7.0,0.78125,18.0,4.0,0.8181818181818180,3.0,7.0,0.3,4.0,7.0,0.3636363636363640,4.0,3.0,0.5714285714285710,1.0,8.0,0.1111111111111110,2.0,4.0,0.3333333333333330,10.0,0.0,1.0,2.8,0.8673,111.7,94.9,49.2,31.5
296,1330,2024-25-UCLA,2024-25,UCLA,Big Ten,25.0,AL,27.0,27.0,45.0,101.0,22-10,13-8,2-9,5-5,34.0,84.0,8-9,1-5,1-1,7-00,22.0,10.0,0.6875,13.0,8.0,0.6190476190476190,2.0,9.0,0.1818181818181820,5.0,5.0,0.5,8.0,9.0,0.4705882352941180,1.0,5.0,0.1666666666666670,1.0,1.0,0.5,7.0,0.0,1.0,3.3,0.9205,117.9,95.3,50.5,32.8
297,1335,2024-25-Tennessee,2024-25,Tennessee,SEC,5.0,AL,5.0,5.0,16.0,81.0,27-7,14-7,13-0,5-6,6.0,129.0,7-11,5-00,5-00,6-00,27.0,7.0,0.7941176470588240,14.0,7.0,0.6666666666666670,13.0,0.0,1.0,5.0,6.0,0.4545454545454550,7.0,11.0,0.3888888888888890,5.0,0.0,1.0,5.0,0.0,1.0,6.0,0.0,1.0,9.3,0.957,119.3,91.1,44.4,35.4
298,1343,2024-25-Troy,2024-25,Troy,Sun Belt,56.0,AQ,99.0,99.0,222.0,206.0,21-10,16-5,5-5,6-9,171.0,64.0,0-3,1-2,3-5,14-3,21.0,10.0,0.6774193548387100,16.0,5.0,0.7619047619047620,5.0,5.0,0.5,6.0,9.0,0.4,0.0,3.0,0.0,1.0,2.0,0.3333333333333330,3.0,5.0,0.375,14.0,3.0,0.8235294117647060,-4.5,0.6613,106.7,100.6,47.2,38.6
299,1344,2024-25-SIUE,2024-25,SIUE,OVC,64.0,AQ,216.0,216.0,359.0,266.0,19-11,15-7,4-4,8-7,343.0,164.0,0-2,0-0,2-2,17-7,19.0,11.0,0.6333333333333330,15.0,7.0,0.6818181818181820,4.0,4.0,0.5,8.0,7.0,0.5333333333333330,0.0,2.0,0.0,0.0,0.0,0.0,2.0,2.0,0.5,17.0,7.0,0.7083333333333330,-7.8,0.3796,101.3,105.7,47.5,31.8
300,1346,2024-25-Vanderbilt,2024-25,Vanderbilt,SEC,39.0,AL,48.0,48.0,54.0,104.0,20-12,11-8,1-12,7-3,27.0,330.0,9-5,3-4,3-00,8-00,20.0,12.0,0.625,11.0,8.0,0.5789473684210530,1.0,12.0,0.0769230769230769,7.0,3.0,0.7,9.0,5.0,0.6428571428571430,3.0,4.0,0.4285714285714290,3.0,0.0,1.0,8.0,0.0,1.0,1.5,0.8621,118.6,101.2,52.9,32.2
301,1347,2024-25-Georgia,2024-25,Georgia,SEC,34.0,AL,33.0,33.0,42.0,99.0,20-12,11-8,1-12,7-3,19.0,220.0,11-4,1-5,3-00,8-00,20.0,12.0,0.625,11.0,8.0,0.5789473684210530,1.0,12.0,0.0769230769230769,7.0,3.0,0.7,11.0,4.0,0.7333333333333330,1.0,5.0,0.1666666666666670,3.0,0.0,1.0,8.0,0.0,1.0,2.0,0.8999,115.9,95.8,47.2,36.1
302,1351,2024-25-OleMiss,2024-25,Ole Miss,SEC,24.0,AL,28.0,28.0,26.0,88.0,22-11,9-11,2-11,6-5,5.0,69.0,10-8,1-5,2-00,7-00,22.0,11.0,0.6666666666666670,9.0,11.0,0.45,2.0,11.0,0.1538461538461540,6.0,5.0,0.5454545454545450,10.0,8.0,0.5555555555555560,1.0,5.0,0.1666666666666670,2.0,0.0,1.0,7.0,0.0,1.0,4.8,0.9003,117.4,96.9,50.5,25.4
